run,sample_idx,error
1,1,3.4985711369071804
1,2,1.8
1,3,3.4985711369071804
1,4,1.2000000000000002
1,5,1.2000000000000002
1,6,3.4985711369071804
1,7,3.4985711369071804
1,8,3.4985711369071804
1,9,1.2000000000000002
1,10,1.2000000000000002
1,11,1.2000000000000002
1,12,3.4985711369071804
1,13,3.4985711369071804
1,14,1.2000000000000002
1,15,3.4985711369071804
1,16,3.4985711369071804
1,17,3.4985711369071804
1,18,1.2000000000000002
1,19,3.4985711369071804
1,20,3.4985711369071804
1,21,3.4985711369071804
1,22,1.2000000000000002
1,23,3.4985711369071804
1,24,3.4985711369071804
1,25,3.4985711369071804
1,26,3.4985711369071804
1,27,3.4985711369071804
1,28,3.4985711369071804
1,29,1.2000000000000002
1,30,1.2000000000000002
1,31,1.2000000000000002
1,32,3.4985711369071804
1,33,3.4985711369071804
1,34,3.4985711369071804
1,35,3.4985711369071804
1,36,1.2000000000000002
1,37,3.4985711369071804
1,38,2.545584412271571
1,39,3.4985711369071804
1,40,3.4985711369071804
1,41,1.2000000000000002
1,42,3.4985711369071804
1,43,3.4985711369071804
1,44,1.2000000000000002
1,45,3.4985711369071804
1,46,3.4985711369071804
1,47,2.545584412271571
1,48,3.4985711369071804
1,49,3.4985711369071804
1,50,2.545584412271571
1,51,3.4985711369071804
1,52,3.4985711369071804
1,53,3.4985711369071804
1,54,1.2000000000000002
1,55,3.4985711369071804
1,56,3.4985711369071804
1,57,3.4985711369071804
1,58,1.2000000000000002
1,59,3.4985711369071804
1,60,3.4985711369071804
1,61,3.4985711369071804
1,62,3.4985711369071804
1,63,3.4985711369071804
1,64,3.4985711369071804
1,65,3.4985711369071804
1,66,3.4985711369071804
1,67,3.4985711369071804
1,68,3.4985711369071804
1,69,3.4985711369071804
1,70,3.4985711369071804
1,71,3.4985711369071804
1,72,1.2000000000000002
1,73,3.4985711369071804
1,74,3.4985711369071804
1,75,3.4985711369071804
1,76,3.4985711369071804
1,77,3.4985711369071804
1,78,2.545584412271571
1,79,3.4985711369071804
1,80,3.4985711369071804
1,81,2.545584412271571
1,82,1.2000000000000002
1,83,2.545584412271571
1,84,3.4985711369071804
1,85,2.545584412271571
1,86,3.4985711369071804
1,87,3.4985711369071804
1,88,3.4985711369071804
1,89,3.4985711369071804
1,90,1.2000000000000002
1,91,3.4985711369071804
1,92,3.4985711369071804
1,93,1.2000000000000002
1,94,1.2000000000000002
1,95,3.4985711369071804
1,96,1.2000000000000002
1,97,3.4985711369071804
1,98,1.2000000000000002
1,99,1.2000000000000002
1,100,3.4985711369071804
1,101,3.4985711369071804
1,102,3.4985711369071804
1,103,3.4985711369071804
1,104,1.2000000000000002
1,105,3.4985711369071804
1,106,1.2000000000000002
1,107,3.4985711369071804
1,108,1.2000000000000002
1,109,1.2000000000000002
1,110,3.4985711369071804
1,111,1.2000000000000002
1,112,3.4985711369071804
1,113,1.2000000000000002
1,114,3.4985711369071804
1,115,1.2000000000000002
1,116,3.4985711369071804
1,117,1.2000000000000002
1,118,1.2000000000000002
1,119,3.4985711369071804
1,120,3.4985711369071804
1,121,3.4985711369071804
1,122,3.4985711369071804
1,123,3.4985711369071804
1,124,1.2000000000000002
1,125,3.4985711369071804
1,126,1.2000000000000002
1,127,1.2000000000000002
1,128,3.4985711369071804
1,129,3.4985711369071804
1,130,3.4985711369071804
1,131,3.4985711369071804
1,132,3.4985711369071804
1,133,3.4985711369071804
1,134,3.4985711369071804
1,135,3.4985711369071804
1,136,3.4985711369071804
1,137,3.4985711369071804
1,138,3.4985711369071804
1,139,3.4985711369071804
1,140,3.4985711369071804
1,141,3.4985711369071804
1,142,3.4985711369071804
1,143,1.2000000000000002
1,144,3.4985711369071804
1,145,3.4985711369071804
1,146,3.4985711369071804
1,147,3.4985711369071804
1,148,3.4985711369071804
1,149,3.4985711369071804
1,150,3.4985711369071804
1,151,3.4985711369071804
1,152,3.4985711369071804
1,153,3.4985711369071804
1,154,3.4985711369071804
1,155,3.4985711369071804
1,156,3.4985711369071804
1,157,3.4985711369071804
1,158,3.4985711369071804
1,159,1.2000000000000002
1,160,1.2000000000000002
1,161,3.4985711369071804
1,162,3.4985711369071804
1,163,3.4985711369071804
1,164,2.545584412271571
1,165,3.4985711369071804
1,166,3.4985711369071804
1,167,1.2000000000000002
1,168,3.4985711369071804
1,169,3.4985711369071804
1,170,3.4985711369071804
1,171,3.4985711369071804
1,172,3.4985711369071804
1,173,3.4985711369071804
1,174,3.4985711369071804
1,175,1.2000000000000002
1,176,3.4985711369071804
1,177,3.4985711369071804
1,178,4.242640687119285
1,179,3.4985711369071804
1,180,3.4985711369071804
1,181,1.2000000000000002
1,182,1.2000000000000002
1,183,3.4985711369071804
1,184,3.4985711369071804
1,185,3.4985711369071804
1,186,1.2000000000000002
1,187,1.2000000000000002
1,188,1.2000000000000002
1,189,1.2000000000000002
1,190,3.4985711369071804
1,191,1.2000000000000002
1,192,1.2000000000000002
1,193,1.2000000000000002
1,194,1.2000000000000002
1,195,1.2000000000000002
1,196,3.4985711369071804
1,197,1.2000000000000002
1,198,1.2000000000000002
1,199,3.4985711369071804
1,200,1.2000000000000002
1,201,1.2000000000000002
1,202,3.4985711369071804
1,203,1.2000000000000002
1,204,1.2000000000000002
1,205,3.4985711369071804
1,206,3.4985711369071804
1,207,1.2000000000000002
1,208,1.2000000000000002
1,209,3.4985711369071804
1,210,1.2000000000000002
1,211,1.2000000000000002
1,212,3.4985711369071804
1,213,1.2000000000000002
1,214,1.2000000000000002
1,215,1.2000000000000002
1,216,1.2000000000000002
1,217,5.126402247190518
1,218,1.2000000000000002
1,219,1.2000000000000002
1,220,1.2000000000000002
1,221,1.2000000000000002
1,222,1.2000000000000002
1,223,1.2000000000000002
1,224,1.2000000000000002
1,225,1.2000000000000002
1,226,1.2000000000000002
1,227,1.2000000000000002
1,228,1.2000000000000002
1,229,3.4985711369071804
1,230,1.2000000000000002
1,231,1.2000000000000002
1,232,1.2000000000000002
1,233,1.2000000000000002
1,234,1.2000000000000002
1,235,1.2000000000000002
1,236,1.2000000000000002
1,237,1.8973665961010275
1,238,1.2000000000000002
1,239,3.4985711369071804
1,240,1.2000000000000002
1,241,1.2000000000000002
1,242,1.2000000000000002
1,243,1.2000000000000002
1,244,1.2000000000000002
1,245,1.2000000000000002
1,246,1.2000000000000002
1,247,1.2000000000000002
1,248,1.2000000000000002
1,249,1.2000000000000002
1,250,1.2000000000000002
1,251,1.2000000000000002
1,252,1.2000000000000002
1,253,3.4985711369071804
1,254,1.2000000000000002
1,255,1.2000000000000002
1,256,1.2000000000000002
1,257,1.2000000000000002
1,258,1.2000000000000002
1,259,1.2000000000000002
1,260,1.2000000000000002
1,261,1.2000000000000002
1,262,1.2000000000000002
1,263,1.2000000000000002
1,264,1.2000000000000002
1,265,1.2000000000000002
1,266,1.2000000000000002
1,267,1.2000000000000002
1,268,1.2000000000000002
1,269,1.2000000000000002
1,270,1.2000000000000002
1,271,1.2000000000000002
1,272,1.2000000000000002
1,273,1.2000000000000002
1,274,1.2000000000000002
1,275,1.2000000000000002
1,276,1.2000000000000002
1,277,1.2000000000000002
1,278,3.4985711369071804
1,279,1.2000000000000002
1,280,1.2000000000000002
1,281,1.2000000000000002
1,282,1.2000000000000002
1,283,1.2000000000000002
1,284,1.2000000000000002
1,285,3.4985711369071804
1,286,1.2000000000000002
1,287,1.2000000000000002
1,288,1.2000000000000002
1,289,1.2000000000000002
1,290,1.2000000000000002
1,291,1.2000000000000002
1,292,1.2000000000000002
1,293,1.2000000000000002
1,294,1.2000000000000002
1,295,1.2000000000000002
1,296,1.2000000000000002
1,297,1.2000000000000002
1,298,1.2000000000000002
1,299,3.4985711369071804
1,300,1.2000000000000002
1,301,1.2000000000000002
1,302,3.4985711369071804
1,303,1.2000000000000002
1,304,1.2000000000000002
1,305,3.4985711369071804
1,306,1.2000000000000002
1,307,1.2000000000000002
1,308,3.4985711369071804
1,309,1.2000000000000002
1,310,3.4985711369071804
1,311,1.2000000000000002
1,312,3.4985711369071804
1,313,1.2000000000000002
1,314,3.4985711369071804
1,315,1.2000000000000002
1,316,3.4985711369071804
1,317,1.2000000000000002
1,318,1.2000000000000002
1,319,3.4985711369071804
1,320,3.4985711369071804
1,321,1.2000000000000002
1,322,1.2000000000000002
1,323,3.4985711369071804
1,324,1.2000000000000002
1,325,1.2000000000000002
1,326,3.4985711369071804
1,327,1.2000000000000002
1,328,3.4985711369071804
1,329,1.2000000000000002
1,330,3.4985711369071804
1,331,1.2000000000000002
1,332,3.4985711369071804
1,333,1.2000000000000002
1,334,1.2000000000000002
1,335,3.4985711369071804
1,336,1.2000000000000002
1,337,3.4985711369071804
1,338,1.2000000000000002
1,339,1.2000000000000002
1,340,3.4985711369071804
1,341,1.2000000000000002
1,342,1.2000000000000002
1,343,3.4985711369071804
1,344,1.2000000000000002
1,345,1.2000000000000002
1,346,1.2000000000000002
1,347,1.2000000000000002
1,348,1.2000000000000002
1,349,3.4985711369071804
1,350,3.4985711369071804
1,351,1.2000000000000002
1,352,1.2000000000000002
1,353,3.4985711369071804
1,354,1.2000000000000002
1,355,1.2000000000000002
1,356,3.4985711369071804
1,357,1.2000000000000002
1,358,1.2000000000000002
1,359,1.2000000000000002
1,360,1.2000000000000002
1,361,3.4985711369071804
1,362,1.2000000000000002
1,363,3.4985711369071804
1,364,3.4985711369071804
1,365,1.2000000000000002
1,366,1.2000000000000002
1,367,3.4985711369071804
1,368,1.2000000000000002
1,369,1.2000000000000002
1,370,1.2000000000000002
1,371,1.2000000000000002
1,372,3.4985711369071804
1,373,1.2000000000000002
1,374,3.4985711369071804
1,375,1.2000000000000002
1,376,3.4985711369071804
1,377,1.2000000000000002
1,378,3.4985711369071804
1,379,3.4985711369071804
1,380,1.2000000000000002
1,381,3.4985711369071804
1,382,1.2000000000000002
1,383,3.4985711369071804
1,384,3.4985711369071804
1,385,3.4985711369071804
1,386,1.2000000000000002
1,387,3.4985711369071804
1,388,3.4985711369071804
1,389,3.4985711369071804
1,390,1.2000000000000002
1,391,3.4985711369071804
1,392,1.2000000000000002
1,393,1.2000000000000002
1,394,1.2000000000000002
1,395,1.2000000000000002
1,396,3.4985711369071804
1,397,1.2000000000000002
1,398,3.4985711369071804
1,399,3.4985711369071804
1,400,1.2000000000000002
1,401,1.2000000000000002
1,402,1.2000000000000002
1,403,3.4985711369071804
1,404,1.2000000000000002
1,405,3.4985711369071804
1,406,1.2000000000000002
1,407,3.4985711369071804
1,408,3.4985711369071804
1,409,3.4985711369071804
1,410,1.2000000000000002
1,411,1.2000000000000002
1,412,1.2000000000000002
1,413,1.2000000000000002
1,414,3.4985711369071804
1,415,3.4985711369071804
1,416,1.2000000000000002
1,417,1.2000000000000002
1,418,3.4985711369071804
1,419,1.2000000000000002
1,420,1.2000000000000002
1,421,1.2000000000000002
1,422,1.2000000000000002
1,423,1.2000000000000002
1,424,1.2000000000000002
1,425,1.2000000000000002
1,426,1.2000000000000002
1,427,1.2000000000000002
1,428,3.4985711369071804
1,429,1.2000000000000002
1,430,1.2000000000000002
1,431,3.4985711369071804
1,432,1.2000000000000002
1,433,1.2000000000000002
1,434,3.4985711369071804
1,435,1.2000000000000002
1,436,1.2000000000000002
1,437,1.2000000000000002
1,438,1.2000000000000002
1,439,1.2000000000000002
1,440,1.2000000000000002
1,441,3.4985711369071804
1,442,1.2000000000000002
1,443,1.2000000000000002
1,444,1.2000000000000002
1,445,1.2000000000000002
1,446,1.2000000000000002
1,447,1.2000000000000002
1,448,1.2000000000000002
1,449,1.2000000000000002
1,450,3.4985711369071804
1,451,1.2000000000000002
1,452,3.4985711369071804
1,453,1.2000000000000002
1,454,1.2000000000000002
1,455,1.2000000000000002
1,456,3.4985711369071804
1,457,1.2000000000000002
1,458,3.4985711369071804
1,459,1.2000000000000002
1,460,3.4985711369071804
1,461,1.2000000000000002
1,462,3.4985711369071804
1,463,1.2000000000000002
1,464,3.4985711369071804
1,465,3.4985711369071804
1,466,3.4985711369071804
1,467,1.2000000000000002
1,468,3.4985711369071804
1,469,1.2000000000000002
1,470,3.4985711369071804
1,471,1.2000000000000002
1,472,1.2000000000000002
1,473,3.4985711369071804
1,474,1.2000000000000002
1,475,1.2000000000000002
1,476,3.4985711369071804
1,477,1.2000000000000002
1,478,3.4985711369071804
1,479,1.2000000000000002
1,480,1.2000000000000002
1,481,3.4985711369071804
1,482,1.2000000000000002
1,483,1.2000000000000002
1,484,1.2000000000000002
1,485,3.4985711369071804
1,486,1.2000000000000002
1,487,1.2000000000000002
1,488,1.2000000000000002
1,489,3.4985711369071804
1,490,1.2000000000000002
1,491,1.2000000000000002
1,492,3.4985711369071804
1,493,1.2000000000000002
1,494,3.4985711369071804
1,495,3.4985711369071804
1,496,3.4985711369071804
1,497,1.2000000000000002
1,498,1.2000000000000002
1,499,1.2000000000000002
1,500,1.2000000000000002
1,501,3.2310988842807027
1,502,1.7999999999999998
1,503,1.7999999999999998
1,504,1.7999999999999998
1,505,1.7999999999999998
1,506,1.7999999999999998
1,507,1.7999999999999998
1,508,1.7999999999999998
1,509,1.7999999999999998
1,510,1.7999999999999998
1,511,1.7999999999999998
1,512,1.7999999999999998
1,513,1.7999999999999998
1,514,1.7999999999999998
1,515,1.7999999999999998
1,516,1.7999999999999998
1,517,1.7999999999999998
1,518,1.7999999999999998
1,519,1.7999999999999998
1,520,1.7999999999999998
1,521,1.7999999999999998
1,522,1.7999999999999998
1,523,1.7999999999999998
1,524,1.7999999999999998
1,525,1.7999999999999998
1,526,1.7999999999999998
1,527,1.7999999999999998
1,528,3.0
1,529,1.7999999999999998
1,530,1.7999999999999998
1,531,1.7999999999999998
1,532,1.7999999999999998
1,533,1.7999999999999998
1,534,1.7999999999999998
1,535,1.7999999999999998
1,536,1.7999999999999998
1,537,1.7999999999999998
1,538,1.7999999999999998
1,539,1.7999999999999998
1,540,1.7999999999999998
1,541,1.7999999999999998
1,542,0.5999999999999996
1,543,1.7999999999999998
1,544,1.7999999999999998
1,545,1.7999999999999998
1,546,1.7999999999999998
1,547,1.7999999999999998
1,548,1.7999999999999998
1,549,1.7999999999999998
1,550,1.7999999999999998
1,551,1.7999999999999998
1,552,1.7999999999999998
1,553,1.7999999999999998
1,554,1.7999999999999998
1,555,1.7999999999999998
1,556,1.7999999999999998
1,557,1.7999999999999998
1,558,1.7999999999999998
1,559,1.7999999999999998
1,560,1.7999999999999998
1,561,1.7999999999999998
1,562,1.7999999999999998
1,563,1.7999999999999998
1,564,1.7999999999999998
1,565,1.7999999999999998
1,566,1.7999999999999998
1,567,1.7999999999999998
1,568,1.7999999999999998
1,569,1.7999999999999998
1,570,1.7999999999999998
1,571,1.7999999999999998
1,572,1.7999999999999998
1,573,1.7999999999999998
1,574,1.7999999999999998
1,575,1.7999999999999998
1,576,1.7999999999999998
1,577,1.7999999999999998
1,578,1.7999999999999998
1,579,1.7999999999999998
1,580,1.7999999999999998
1,581,1.7999999999999998
1,582,1.7999999999999998
1,583,1.7999999999999998
1,584,1.7999999999999998
1,585,1.7999999999999998
1,586,1.7999999999999998
1,587,1.7999999999999998
1,588,1.7999999999999998
1,589,1.7999999999999998
1,590,1.7999999999999998
1,591,1.7999999999999998
1,592,1.7999999999999998
1,593,1.7999999999999998
1,594,1.7999999999999998
1,595,1.7999999999999998
1,596,1.7999999999999998
1,597,1.7999999999999998
1,598,1.7999999999999998
1,599,1.7999999999999998
1,600,1.7999999999999998
1,601,1.7999999999999998
1,602,1.7999999999999998
1,603,1.7999999999999998
1,604,1.7999999999999998
1,605,1.7999999999999998
1,606,1.7999999999999998
1,607,1.7999999999999998
1,608,1.7999999999999998
1,609,1.7999999999999998
1,610,1.7999999999999998
1,611,1.7999999999999998
1,612,1.7999999999999998
1,613,1.7999999999999998
1,614,1.7999999999999998
1,615,1.7999999999999998
1,616,1.7999999999999998
1,617,1.7999999999999998
1,618,1.7999999999999998
1,619,1.7999999999999998
1,620,1.7999999999999998
1,621,1.7999999999999998
1,622,1.7999999999999998
1,623,1.7999999999999998
1,624,1.7999999999999998
1,625,1.7999999999999998
1,626,1.7999999999999998
1,627,1.7999999999999998
1,628,1.7999999999999998
1,629,1.7999999999999998
1,630,1.7999999999999998
1,631,1.7999999999999998
1,632,1.7999999999999998
1,633,1.7999999999999998
1,634,1.7999999999999998
1,635,1.7999999999999998
1,636,1.7999999999999998
1,637,1.7999999999999998
1,638,1.7999999999999998
1,639,1.7999999999999998
1,640,1.7999999999999998
1,641,1.7999999999999998
1,642,1.7999999999999998
1,643,1.7999999999999998
1,644,1.7999999999999998
1,645,1.7999999999999998
1,646,1.7999999999999998
1,647,1.7999999999999998
1,648,1.7999999999999998
1,649,1.7999999999999998
1,650,1.7999999999999998
1,651,1.7999999999999998
1,652,1.7999999999999998
1,653,1.7999999999999998
1,654,1.7999999999999998
1,655,1.7999999999999998
1,656,1.7999999999999998
1,657,1.7999999999999998
1,658,1.7999999999999998
1,659,1.7999999999999998
1,660,1.7999999999999998
1,661,1.7999999999999998
1,662,1.7999999999999998
1,663,1.7999999999999998
1,664,1.7999999999999998
1,665,1.7999999999999998
1,666,1.7999999999999998
1,667,1.7999999999999998
1,668,1.7999999999999998
1,669,1.7999999999999998
1,670,1.7999999999999998
1,671,1.7999999999999998
1,672,1.7999999999999998
1,673,1.7999999999999998
1,674,1.7999999999999998
1,675,1.7999999999999998
1,676,1.7999999999999998
1,677,1.7999999999999998
1,678,1.7999999999999998
1,679,1.7999999999999998
1,680,1.7999999999999998
1,681,1.7999999999999998
1,682,1.7999999999999998
1,683,1.7999999999999998
1,684,1.7999999999999998
1,685,1.7999999999999998
1,686,1.7999999999999998
1,687,1.7999999999999998
1,688,1.7999999999999998
1,689,1.7999999999999998
1,690,1.7999999999999998
1,691,1.7999999999999998
1,692,1.7999999999999998
1,693,1.7999999999999998
1,694,1.7999999999999998
1,695,1.7999999999999998
1,696,1.7999999999999998
1,697,1.7999999999999998
1,698,1.7999999999999998
1,699,1.7999999999999998
1,700,1.7999999999999998
1,701,1.7999999999999998
1,702,1.7999999999999998
1,703,1.7999999999999998
1,704,1.7999999999999998
1,705,1.7999999999999998
1,706,1.7999999999999998
1,707,1.7999999999999998
1,708,1.7999999999999998
1,709,1.7999999999999998
1,710,1.7999999999999998
1,711,1.7999999999999998
1,712,1.7999999999999998
1,713,1.7999999999999998
1,714,1.7999999999999998
1,715,1.7999999999999998
1,716,1.7999999999999998
1,717,1.7999999999999998
1,718,1.7999999999999998
1,719,1.7999999999999998
1,720,1.7999999999999998
1,721,1.7999999999999998
1,722,1.7999999999999998
1,723,1.7999999999999998
1,724,1.7999999999999998
1,725,1.7999999999999998
1,726,1.7999999999999998
1,727,1.7999999999999998
1,728,1.7999999999999998
1,729,1.7999999999999998
1,730,1.7999999999999998
1,731,1.7999999999999998
1,732,1.7999999999999998
1,733,1.7999999999999998
1,734,1.7999999999999998
1,735,1.7999999999999998
1,736,1.7999999999999998
1,737,1.7999999999999998
1,738,1.7999999999999998
1,739,1.7999999999999998
1,740,1.7999999999999998
1,741,1.7999999999999998
1,742,1.7999999999999998
1,743,1.7999999999999998
1,744,1.7999999999999998
1,745,1.7999999999999998
1,746,1.7999999999999998
1,747,1.7999999999999998
1,748,1.7999999999999998
1,749,1.7999999999999998
1,750,1.7999999999999998
1,751,1.7999999999999998
1,752,1.7999999999999998
1,753,1.7999999999999998
1,754,1.7999999999999998
1,755,1.7999999999999998
1,756,1.7999999999999998
1,757,1.7999999999999998
1,758,1.7999999999999998
1,759,1.7999999999999998
1,760,1.7999999999999998
1,761,1.7999999999999998
1,762,1.7999999999999998
1,763,1.7999999999999998
1,764,1.7999999999999998
1,765,1.7999999999999998
1,766,1.7999999999999998
1,767,1.7999999999999998
1,768,1.7999999999999998
1,769,1.7999999999999998
1,770,1.7999999999999998
1,771,1.7999999999999998
1,772,1.7999999999999998
1,773,1.7999999999999998
1,774,1.7999999999999998
1,775,1.7999999999999998
1,776,1.7999999999999998
1,777,1.7999999999999998
1,778,1.7999999999999998
1,779,1.7999999999999998
1,780,1.7999999999999998
1,781,1.7999999999999998
1,782,1.7999999999999998
1,783,1.7999999999999998
1,784,1.7999999999999998
1,785,1.7999999999999998
1,786,1.7999999999999998
1,787,1.7999999999999998
1,788,1.7999999999999998
1,789,1.7999999999999998
1,790,1.7999999999999998
1,791,1.7999999999999998
1,792,1.7999999999999998
1,793,1.7999999999999998
1,794,1.7999999999999998
1,795,1.7999999999999998
1,796,1.7999999999999998
1,797,1.7999999999999998
1,798,1.7999999999999998
1,799,1.7999999999999998
1,800,1.7999999999999998
1,801,1.7999999999999998
1,802,1.7999999999999998
1,803,3.49857113690718
1,804,1.7999999999999998
1,805,3.49857113690718
1,806,1.7999999999999998
1,807,0.5999999999999996
1,808,3.49857113690718
1,809,1.7999999999999998
1,810,1.7999999999999998
1,811,1.7999999999999998
1,812,1.7999999999999998
1,813,1.7999999999999998
1,814,1.7999999999999998
1,815,1.7999999999999998
1,816,1.7999999999999998
1,817,1.7999999999999998
1,818,1.7999999999999998
1,819,1.7999999999999998
1,820,1.7999999999999998
1,821,1.7999999999999998
1,822,1.7999999999999998
1,823,1.7999999999999998
1,824,1.7999999999999998
1,825,1.7999999999999998
1,826,1.7999999999999998
1,827,1.7999999999999998
1,828,1.7999999999999998
1,829,6.462197768561405
1,830,1.7999999999999998
1,831,1.7999999999999998
1,832,1.7999999999999998
1,833,1.7999999999999998
1,834,1.7999999999999998
1,835,1.7999999999999998
1,836,1.7999999999999998
1,837,1.7999999999999998
1,838,1.7999999999999998
1,839,1.7999999999999998
1,840,1.7999999999999998
1,841,1.7999999999999998
1,842,1.7999999999999998
1,843,1.7999999999999998
1,844,1.7999999999999998
1,845,1.7999999999999998
1,846,1.7999999999999998
1,847,1.7999999999999998
1,848,1.7999999999999998
1,849,1.7999999999999998
1,850,1.7999999999999998
1,851,1.7999999999999998
1,852,1.7999999999999998
1,853,1.7999999999999998
1,854,1.7999999999999998
1,855,1.7999999999999998
1,856,1.7999999999999998
1,857,1.7999999999999998
1,858,1.7999999999999998
1,859,1.7999999999999998
1,860,1.7999999999999998
1,861,1.7999999999999998
1,862,1.7999999999999998
1,863,1.7999999999999998
1,864,1.7999999999999998
1,865,1.7999999999999998
1,866,1.7999999999999998
1,867,1.7999999999999998
1,868,1.7999999999999998
1,869,3.2310988842807027
1,870,1.7999999999999998
1,871,1.7999999999999998
1,872,1.7999999999999998
1,873,1.7999999999999998
1,874,1.7999999999999998
1,875,1.7999999999999998
1,876,1.7999999999999998
1,877,1.7999999999999998
1,878,1.7999999999999998
1,879,1.7999999999999998
1,880,1.7999999999999998
1,881,1.7999999999999998
1,882,1.7999999999999998
1,883,1.7999999999999998
1,884,1.7999999999999998
1,885,1.7999999999999998
1,886,1.7999999999999998
1,887,1.7999999999999998
1,888,1.7999999999999998
1,889,1.7999999999999998
1,890,1.7999999999999998
1,891,1.7999999999999998
1,892,1.7999999999999998
1,893,1.7999999999999998
1,894,1.7999999999999998
1,895,1.7999999999999998
1,896,1.7999999999999998
1,897,3.2310988842807027
1,898,1.7999999999999998
1,899,1.7999999999999998
1,900,1.7999999999999998
1,901,1.7999999999999998
1,902,1.7999999999999998
1,903,1.7999999999999998
1,904,1.7999999999999998
1,905,1.7999999999999998
1,906,1.7999999999999998
1,907,1.7999999999999998
1,908,1.7999999999999998
1,909,1.7999999999999998
1,910,1.7999999999999998
1,911,1.7999999999999998
1,912,1.7999999999999998
1,913,1.7999999999999998
1,914,1.7999999999999998
1,915,1.7999999999999998
1,916,1.7999999999999998
1,917,1.7999999999999998
1,918,1.7999999999999998
1,919,1.7999999999999998
1,920,1.7999999999999998
1,921,1.7999999999999998
1,922,1.7999999999999998
1,923,1.7999999999999998
1,924,1.7999999999999998
1,925,1.7999999999999998
1,926,1.7999999999999998
1,927,1.7999999999999998
1,928,1.7999999999999998
1,929,1.7999999999999998
1,930,1.7999999999999998
1,931,1.7999999999999998
1,932,1.7999999999999998
1,933,1.7999999999999998
1,934,1.7999999999999998
1,935,1.7999999999999998
1,936,1.7999999999999998
1,937,1.7999999999999998
1,938,1.7999999999999998
1,939,1.7999999999999998
1,940,1.7999999999999998
1,941,1.7999999999999998
1,942,1.7999999999999998
1,943,1.7999999999999998
1,944,1.7999999999999998
1,945,1.7999999999999998
1,946,1.7999999999999998
1,947,1.7999999999999998
1,948,1.7999999999999998
1,949,1.7999999999999998
1,950,1.7999999999999998
1,951,1.7999999999999998
1,952,1.7999999999999998
1,953,1.7999999999999998
1,954,1.7999999999999998
1,955,1.7999999999999998
1,956,1.7999999999999998
1,957,1.7999999999999998
1,958,1.7999999999999998
1,959,1.7999999999999998
1,960,1.7999999999999998
1,961,1.7999999999999998
1,962,1.7999999999999998
1,963,1.7999999999999998
1,964,1.7999999999999998
1,965,1.7999999999999998
1,966,1.7999999999999998
1,967,1.7999999999999998
1,968,1.7999999999999998
1,969,1.7999999999999998
1,970,1.7999999999999998
1,971,1.7999999999999998
1,972,1.7999999999999998
1,973,1.7999999999999998
1,974,1.7999999999999998
1,975,1.7999999999999998
1,976,1.7999999999999998
1,977,1.7999999999999998
1,978,1.7999999999999998
1,979,1.7999999999999998
1,980,1.7999999999999998
1,981,1.7999999999999998
1,982,1.7999999999999998
1,983,1.7999999999999998
1,984,1.7999999999999998
1,985,1.7999999999999998
1,986,1.7999999999999998
1,987,1.7999999999999998
1,988,1.7999999999999998
1,989,1.7999999999999998
1,990,1.7999999999999998
1,991,1.7999999999999998
1,992,1.7999999999999998
1,993,1.7999999999999998
1,994,1.7999999999999998
1,995,1.7999999999999998
1,996,1.7999999999999998
1,997,1.7999999999999998
1,998,1.7999999999999998
1,999,1.7999999999999998
1,1000,1.7999999999999998
1,1001,4.2
1,1002,4.2
1,1003,4.2
1,1004,3.49857113690718
1,1005,4.2
1,1006,3.49857113690718
1,1007,3.49857113690718
1,1008,4.2
1,1009,4.2
1,1010,4.2
1,1011,4.2
1,1012,4.2
1,1013,4.2
1,1014,3.49857113690718
1,1015,4.2
1,1016,3.49857113690718
1,1017,3.49857113690718
1,1018,4.2
1,1019,4.2
1,1020,3.49857113690718
1,1021,3.49857113690718
1,1022,3.49857113690718
1,1023,3.49857113690718
1,1024,4.2
1,1025,3.49857113690718
1,1026,3.49857113690718
1,1027,3.49857113690718
1,1028,3.49857113690718
1,1029,3.49857113690718
1,1030,3.49857113690718
1,1031,3.49857113690718
1,1032,3.49857113690718
1,1033,3.49857113690718
1,1034,3.49857113690718
1,1035,3.49857113690718
1,1036,3.49857113690718
1,1037,3.2310988842807027
1,1038,3.49857113690718
1,1039,3.49857113690718
1,1040,3.2310988842807027
1,1041,3.49857113690718
1,1042,3.49857113690718
1,1043,3.49857113690718
1,1044,3.49857113690718
1,1045,3.49857113690718
1,1046,3.49857113690718
1,1047,3.49857113690718
1,1048,3.49857113690718
1,1049,3.49857113690718
1,1050,3.49857113690718
1,1051,3.49857113690718
1,1052,3.49857113690718
1,1053,3.49857113690718
1,1054,3.49857113690718
1,1055,3.49857113690718
1,1056,4.2
1,1057,3.49857113690718
1,1058,3.49857113690718
1,1059,3.49857113690718
1,1060,3.49857113690718
1,1061,3.49857113690718
1,1062,3.49857113690718
1,1063,4.2
1,1064,3.49857113690718
1,1065,3.49857113690718
1,1066,3.49857113690718
1,1067,3.49857113690718
1,1068,3.49857113690718
1,1069,3.49857113690718
1,1070,3.49857113690718
1,1071,3.2310988842807027
1,1072,3.49857113690718
1,1073,3.49857113690718
1,1074,3.49857113690718
1,1075,3.49857113690718
1,1076,3.49857113690718
1,1077,3.49857113690718
1,1078,3.49857113690718
1,1079,3.49857113690718
1,1080,3.49857113690718
1,1081,3.49857113690718
1,1082,3.49857113690718
1,1083,3.49857113690718
1,1084,3.49857113690718
1,1085,3.49857113690718
1,1086,3.49857113690718
1,1087,3.49857113690718
1,1088,3.49857113690718
1,1089,3.49857113690718
1,1090,3.49857113690718
1,1091,3.49857113690718
1,1092,3.49857113690718
1,1093,3.49857113690718
1,1094,3.49857113690718
1,1095,3.49857113690718
1,1096,3.49857113690718
1,1097,3.49857113690718
1,1098,3.49857113690718
1,1099,3.49857113690718
1,1100,3.49857113690718
1,1101,3.49857113690718
1,1102,3.49857113690718
1,1103,3.49857113690718
1,1104,3.49857113690718
1,1105,3.2310988842807027
1,1106,3.49857113690718
1,1107,3.49857113690718
1,1108,3.49857113690718
1,1109,3.2310988842807027
1,1110,3.49857113690718
1,1111,3.49857113690718
1,1112,3.49857113690718
1,1113,3.49857113690718
1,1114,3.49857113690718
1,1115,3.49857113690718
1,1116,3.49857113690718
1,1117,3.49857113690718
1,1118,3.49857113690718
1,1119,3.49857113690718
1,1120,3.49857113690718
1,1121,3.49857113690718
1,1122,3.49857113690718
1,1123,3.49857113690718
1,1124,3.49857113690718
1,1125,3.49857113690718
1,1126,3.49857113690718
1,1127,3.49857113690718
1,1128,3.49857113690718
1,1129,3.2310988842807027
1,1130,3.49857113690718
1,1131,3.49857113690718
1,1132,3.49857113690718
1,1133,3.49857113690718
1,1134,3.49857113690718
1,1135,3.49857113690718
1,1136,3.49857113690718
1,1137,3.49857113690718
1,1138,3.49857113690718
1,1139,3.49857113690718
1,1140,3.49857113690718
1,1141,3.49857113690718
1,1142,3.49857113690718
1,1143,3.49857113690718
1,1144,3.49857113690718
1,1145,3.49857113690718
1,1146,3.49857113690718
1,1147,3.49857113690718
1,1148,3.49857113690718
1,1149,3.49857113690718
1,1150,3.49857113690718
1,1151,3.49857113690718
1,1152,3.49857113690718
1,1153,3.49857113690718
1,1154,3.49857113690718
1,1155,3.49857113690718
1,1156,3.49857113690718
1,1157,3.49857113690718
1,1158,3.49857113690718
1,1159,3.49857113690718
1,1160,3.49857113690718
1,1161,3.2310988842807027
1,1162,3.49857113690718
1,1163,3.49857113690718
1,1164,3.49857113690718
1,1165,3.49857113690718
1,1166,3.49857113690718
1,1167,3.49857113690718
1,1168,3.49857113690718
1,1169,3.49857113690718
1,1170,3.49857113690718
1,1171,3.49857113690718
1,1172,3.49857113690718
1,1173,3.49857113690718
1,1174,3.49857113690718
1,1175,3.2310988842807027
1,1176,3.49857113690718
1,1177,3.49857113690718
1,1178,3.49857113690718
1,1179,3.49857113690718
1,1180,3.49857113690718
1,1181,3.49857113690718
1,1182,3.49857113690718
1,1183,3.49857113690718
1,1184,3.49857113690718
1,1185,3.49857113690718
1,1186,3.2310988842807027
1,1187,3.49857113690718
1,1188,3.2310988842807027
1,1189,1.2000000000000002
1,1190,3.49857113690718
1,1191,3.49857113690718
1,1192,3.49857113690718
1,1193,3.49857113690718
1,1194,3.49857113690718
1,1195,3.49857113690718
1,1196,3.2310988842807027
1,1197,3.49857113690718
1,1198,3.49857113690718
1,1199,3.49857113690718
1,1200,3.49857113690718
1,1201,3.2310988842807027
1,1202,3.49857113690718
1,1203,3.49857113690718
1,1204,3.49857113690718
1,1205,3.49857113690718
1,1206,3.49857113690718
1,1207,3.49857113690718
1,1208,3.49857113690718
1,1209,3.49857113690718
1,1210,3.49857113690718
1,1211,3.49857113690718
1,1212,3.49857113690718
1,1213,3.49857113690718
1,1214,3.2310988842807027
1,1215,3.49857113690718
1,1216,3.49857113690718
1,1217,3.49857113690718
1,1218,3.49857113690718
1,1219,3.49857113690718
1,1220,3.49857113690718
1,1221,3.49857113690718
1,1222,3.49857113690718
1,1223,3.49857113690718
1,1224,3.49857113690718
1,1225,3.49857113690718
1,1226,3.49857113690718
1,1227,3.49857113690718
1,1228,3.49857113690718
1,1229,3.2310988842807027
1,1230,3.49857113690718
1,1231,3.49857113690718
1,1232,3.49857113690718
1,1233,3.2310988842807027
1,1234,3.49857113690718
1,1235,3.49857113690718
1,1236,3.49857113690718
1,1237,3.49857113690718
1,1238,3.49857113690718
1,1239,3.49857113690718
1,1240,3.49857113690718
1,1241,3.2310988842807027
1,1242,3.49857113690718
1,1243,3.49857113690718
1,1244,3.49857113690718
1,1245,3.49857113690718
1,1246,3.49857113690718
1,1247,3.49857113690718
1,1248,3.49857113690718
1,1249,3.49857113690718
1,1250,3.49857113690718
1,1251,3.49857113690718
1,1252,3.49857113690718
1,1253,3.49857113690718
1,1254,3.2310988842807027
1,1255,3.49857113690718
1,1256,3.49857113690718
1,1257,3.49857113690718
1,1258,3.49857113690718
1,1259,3.49857113690718
1,1260,3.49857113690718
1,1261,3.2310988842807027
1,1262,3.49857113690718
1,1263,3.49857113690718
1,1264,3.49857113690718
1,1265,3.49857113690718
1,1266,3.49857113690718
1,1267,3.49857113690718
1,1268,3.49857113690718
1,1269,3.49857113690718
1,1270,3.49857113690718
1,1271,3.49857113690718
1,1272,3.49857113690718
1,1273,3.49857113690718
1,1274,3.49857113690718
1,1275,3.49857113690718
1,1276,3.49857113690718
1,1277,3.49857113690718
1,1278,3.49857113690718
1,1279,3.49857113690718
1,1280,3.49857113690718
1,1281,3.49857113690718
1,1282,3.49857113690718
1,1283,3.49857113690718
1,1284,3.49857113690718
1,1285,3.49857113690718
1,1286,3.49857113690718
1,1287,3.49857113690718
1,1288,3.49857113690718
1,1289,3.49857113690718
1,1290,3.49857113690718
1,1291,3.49857113690718
1,1292,3.49857113690718
1,1293,3.49857113690718
1,1294,3.49857113690718
1,1295,3.49857113690718
1,1296,3.2310988842807027
1,1297,3.49857113690718
1,1298,3.49857113690718
1,1299,3.49857113690718
1,1300,3.49857113690718
1,1301,3.49857113690718
1,1302,3.49857113690718
1,1303,3.49857113690718
1,1304,3.49857113690718
1,1305,3.49857113690718
1,1306,3.49857113690718
1,1307,3.49857113690718
1,1308,3.49857113690718
1,1309,3.49857113690718
1,1310,3.49857113690718
1,1311,3.49857113690718
1,1312,3.49857113690718
1,1313,3.49857113690718
1,1314,3.49857113690718
1,1315,3.49857113690718
1,1316,3.49857113690718
1,1317,3.49857113690718
1,1318,3.49857113690718
1,1319,3.49857113690718
1,1320,3.49857113690718
1,1321,3.49857113690718
1,1322,3.49857113690718
1,1323,3.49857113690718
1,1324,3.49857113690718
1,1325,3.49857113690718
1,1326,3.49857113690718
1,1327,3.49857113690718
1,1328,3.49857113690718
1,1329,3.49857113690718
1,1330,3.49857113690718
1,1331,4.2
1,1332,3.49857113690718
1,1333,3.49857113690718
1,1334,3.49857113690718
1,1335,3.49857113690718
1,1336,4.2
1,1337,3.49857113690718
1,1338,3.49857113690718
1,1339,3.49857113690718
1,1340,3.49857113690718
1,1341,3.49857113690718
1,1342,3.49857113690718
1,1343,3.49857113690718
1,1344,3.49857113690718
1,1345,4.2
1,1346,3.49857113690718
1,1347,3.49857113690718
1,1348,3.49857113690718
1,1349,3.2310988842807027
1,1350,3.49857113690718
1,1351,3.49857113690718
1,1352,3.49857113690718
1,1353,3.49857113690718
1,1354,3.49857113690718
1,1355,3.49857113690718
1,1356,3.49857113690718
1,1357,3.49857113690718
1,1358,3.49857113690718
1,1359,3.49857113690718
1,1360,3.49857113690718
1,1361,3.49857113690718
1,1362,3.49857113690718
1,1363,3.49857113690718
1,1364,3.49857113690718
1,1365,3.49857113690718
1,1366,3.49857113690718
1,1367,3.49857113690718
1,1368,3.49857113690718
1,1369,3.49857113690718
1,1370,3.49857113690718
1,1371,3.49857113690718
1,1372,3.49857113690718
1,1373,3.49857113690718
1,1374,3.49857113690718
1,1375,3.49857113690718
1,1376,3.49857113690718
1,1377,3.49857113690718
1,1378,3.49857113690718
1,1379,3.49857113690718
1,1380,3.49857113690718
1,1381,3.49857113690718
1,1382,3.49857113690718
1,1383,3.49857113690718
1,1384,3.49857113690718
1,1385,3.49857113690718
1,1386,3.49857113690718
1,1387,4.2
1,1388,4.2
1,1389,3.49857113690718
1,1390,3.49857113690718
1,1391,3.49857113690718
1,1392,3.49857113690718
1,1393,3.49857113690718
1,1394,3.49857113690718
1,1395,3.49857113690718
1,1396,3.49857113690718
1,1397,3.49857113690718
1,1398,3.2310988842807027
1,1399,3.49857113690718
1,1400,3.49857113690718
1,1401,3.49857113690718
1,1402,3.49857113690718
1,1403,4.2
1,1404,4.2
1,1405,3.49857113690718
1,1406,3.49857113690718
1,1407,4.2
1,1408,3.49857113690718
1,1409,3.49857113690718
1,1410,4.2
1,1411,3.49857113690718
1,1412,4.2
1,1413,3.49857113690718
1,1414,4.2
1,1415,3.49857113690718
1,1416,4.2
1,1417,3.49857113690718
1,1418,4.2
1,1419,4.2
1,1420,5.1613951602255765
1,1421,4.2
1,1422,4.2
1,1423,3.49857113690718
1,1424,3.49857113690718
1,1425,4.2
1,1426,4.2
1,1427,4.2
1,1428,3.49857113690718
1,1429,4.2
1,1430,3.49857113690718
1,1431,3.49857113690718
1,1432,4.2
1,1433,4.2
1,1434,3.49857113690718
1,1435,3.49857113690718
1,1436,4.2
1,1437,4.2
1,1438,4.2
1,1439,3.49857113690718
1,1440,3.49857113690718
1,1441,4.2
1,1442,4.2
1,1443,3.49857113690718
1,1444,4.2
1,1445,3.49857113690718
1,1446,3.49857113690718
1,1447,4.2
1,1448,4.2
1,1449,3.49857113690718
1,1450,4.2
1,1451,4.2
1,1452,3.49857113690718
1,1453,3.49857113690718
1,1454,3.49857113690718
1,1455,4.2
1,1456,3.49857113690718
1,1457,4.2
1,1458,4.2
1,1459,3.49857113690718
1,1460,3.49857113690718
1,1461,3.49857113690718
1,1462,3.49857113690718
1,1463,3.49857113690718
1,1464,3.49857113690718
1,1465,3.49857113690718
1,1466,3.49857113690718
1,1467,4.2
1,1468,3.49857113690718
1,1469,4.2
1,1470,3.49857113690718
1,1471,4.2
1,1472,3.49857113690718
1,1473,3.49857113690718
1,1474,4.2
1,1475,3.49857113690718
1,1476,3.49857113690718
1,1477,5.1613951602255765
1,1478,3.49857113690718
1,1479,4.2
1,1480,3.49857113690718
1,1481,4.2
1,1482,3.49857113690718
1,1483,4.2
1,1484,4.2
1,1485,3.49857113690718
1,1486,4.2
1,1487,3.49857113690718
1,1488,4.2
1,1489,3.49857113690718
1,1490,4.2
1,1491,3.49857113690718
1,1492,4.2
1,1493,3.49857113690718
1,1494,3.49857113690718
1,1495,4.2
1,1496,4.2
1,1497,3.49857113690718
1,1498,4.2
1,1499,3.49857113690718
1,1500,4.2
1,1501,0.6000000000000001
1,1502,0.6000000000000001
1,1503,0.6000000000000001
1,1504,0.6000000000000001
1,1505,0.6000000000000001
1,1506,0.6000000000000001
1,1507,0.6000000000000001
1,1508,0.6000000000000001
1,1509,0.6000000000000001
1,1510,0.6000000000000001
1,1511,0.6000000000000001
1,1512,3.5999999999999996
1,1513,0.6000000000000001
1,1514,0.6000000000000001
1,1515,0.6000000000000001
1,1516,0.6000000000000001
1,1517,3.5999999999999996
1,1518,0.6000000000000001
1,1519,0.6000000000000001
1,1520,0.6000000000000001
1,1521,0.6000000000000001
1,1522,0.6000000000000001
1,1523,3.5999999999999996
1,1524,0.6000000000000001
1,1525,0.6000000000000001
1,1526,0.6000000000000001
1,1527,0.6000000000000001
1,1528,0.6000000000000001
1,1529,0.6000000000000001
1,1530,0.6000000000000001
1,1531,0.6000000000000001
1,1532,0.6000000000000001
1,1533,3.5999999999999996
1,1534,0.6000000000000001
1,1535,0.6000000000000001
1,1536,0.6000000000000001
1,1537,0.6000000000000001
1,1538,0.6000000000000001
1,1539,0.6000000000000001
1,1540,0.6000000000000001
1,1541,0.6000000000000001
1,1542,0.6000000000000001
1,1543,0.6000000000000001
1,1544,0.6000000000000001
1,1545,0.6000000000000001
1,1546,0.6000000000000001
1,1547,0.6000000000000001
1,1548,0.6000000000000001
1,1549,0.6000000000000001
1,1550,0.6000000000000001
1,1551,0.6000000000000001
1,1552,3.5999999999999996
1,1553,3.5999999999999996
1,1554,3.5999999999999996
1,1555,3.5999999999999996
1,1556,3.5999999999999996
1,1557,3.5999999999999996
1,1558,3.5999999999999996
1,1559,3.5999999999999996
1,1560,3.5999999999999996
1,1561,0.6000000000000001
1,1562,3.5999999999999996
1,1563,3.5999999999999996
1,1564,3.5999999999999996
1,1565,3.5999999999999996
1,1566,3.5999999999999996
1,1567,3.5999999999999996
1,1568,3.5999999999999996
1,1569,3.5999999999999996
1,1570,3.5999999999999996
1,1571,3.5999999999999996
1,1572,3.5999999999999996
1,1573,0.6000000000000001
1,1574,3.5999999999999996
1,1575,3.5999999999999996
1,1576,3.5999999999999996
1,1577,3.5999999999999996
1,1578,3.5999999999999996
1,1579,3.5999999999999996
1,1580,3.5999999999999996
1,1581,3.5999999999999996
1,1582,3.5999999999999996
1,1583,3.5999999999999996
1,1584,3.5999999999999996
1,1585,3.5999999999999996
1,1586,3.5999999999999996
1,1587,3.5999999999999996
1,1588,3.5999999999999996
1,1589,3.5999999999999996
1,1590,3.5999999999999996
1,1591,3.5999999999999996
1,1592,3.5999999999999996
1,1593,3.5999999999999996
1,1594,3.5999999999999996
1,1595,0.6000000000000001
1,1596,3.5999999999999996
1,1597,3.5999999999999996
1,1598,3.5999999999999996
1,1599,3.5999999999999996
1,1600,3.5999999999999996
1,1601,3.5999999999999996
1,1602,3.5999999999999996
1,1603,3.5999999999999996
1,1604,3.5999999999999996
1,1605,3.5999999999999996
1,1606,3.5999999999999996
1,1607,3.5999999999999996
1,1608,3.5999999999999996
1,1609,3.5999999999999996
1,1610,3.5999999999999996
1,1611,3.5999999999999996
1,1612,3.5999999999999996
1,1613,3.5999999999999996
1,1614,3.5999999999999996
1,1615,3.5999999999999996
1,1616,3.5999999999999996
1,1617,3.5999999999999996
1,1618,3.5999999999999996
1,1619,3.5999999999999996
1,1620,3.5999999999999996
1,1621,3.5999999999999996
1,1622,3.5999999999999996
1,1623,3.5999999999999996
1,1624,3.5999999999999996
1,1625,3.5999999999999996
1,1626,3.5999999999999996
1,1627,3.5999999999999996
1,1628,0.6000000000000001
1,1629,0.6000000000000001
1,1630,3.5999999999999996
1,1631,0.6000000000000001
1,1632,3.5999999999999996
1,1633,3.5999999999999996
1,1634,3.5999999999999996
1,1635,3.5999999999999996
1,1636,3.5999999999999996
1,1637,3.5999999999999996
1,1638,0.6000000000000001
1,1639,0.6000000000000001
1,1640,0.6000000000000001
1,1641,0.6000000000000001
1,1642,3.5999999999999996
1,1643,0.6000000000000001
1,1644,0.6000000000000001
1,1645,0.6000000000000001
1,1646,0.6000000000000001
1,1647,3.5999999999999996
1,1648,0.6000000000000001
1,1649,0.6000000000000001
1,1650,0.6000000000000001
1,1651,3.5999999999999996
1,1652,0.6000000000000001
1,1653,0.6000000000000001
1,1654,0.6000000000000001
1,1655,0.6000000000000001
1,1656,0.6000000000000001
1,1657,0.6000000000000001
1,1658,0.6000000000000001
1,1659,0.6000000000000001
1,1660,0.6000000000000001
1,1661,0.6000000000000001
1,1662,0.6000000000000001
1,1663,0.6000000000000001
1,1664,3.5999999999999996
1,1665,3.5999999999999996
1,1666,0.6000000000000001
1,1667,0.6000000000000001
1,1668,0.6000000000000001
1,1669,0.6000000000000001
1,1670,0.6000000000000001
1,1671,0.6000000000000001
1,1672,0.6000000000000001
1,1673,5.126402247190518
1,1674,0.6000000000000001
1,1675,0.6000000000000001
1,1676,0.6000000000000001
1,1677,1.8
1,1678,0.6000000000000001
1,1679,0.6000000000000001
1,1680,0.6000000000000001
1,1681,0.6000000000000001
1,1682,3.5999999999999996
1,1683,0.6000000000000001
1,1684,0.6000000000000001
1,1685,0.6000000000000001
1,1686,0.6000000000000001
1,1687,0.6000000000000001
1,1688,0.6000000000000001
1,1689,0.6000000000000001
1,1690,0.6000000000000001
1,1691,0.6000000000000001
1,1692,0.6000000000000001
1,1693,0.6000000000000001
1,1694,0.6000000000000001
1,1695,0.6000000000000001
1,1696,0.6000000000000001
1,1697,0.6000000000000001
1,1698,0.6000000000000001
1,1699,0.6000000000000001
1,1700,0.6000000000000001
1,1701,0.6000000000000001
1,1702,0.6000000000000001
1,1703,0.6000000000000001
1,1704,0.6000000000000001
1,1705,0.6000000000000001
1,1706,0.6000000000000001
1,1707,0.6000000000000001
1,1708,0.6000000000000001
1,1709,0.6000000000000001
1,1710,0.6000000000000001
1,1711,0.6000000000000001
1,1712,0.6000000000000001
1,1713,0.6000000000000001
1,1714,0.6000000000000001
1,1715,0.6000000000000001
1,1716,0.6000000000000001
1,1717,0.6000000000000001
1,1718,0.6000000000000001
1,1719,0.6000000000000001
1,1720,0.6000000000000001
1,1721,0.6000000000000001
1,1722,0.6000000000000001
1,1723,0.6000000000000001
1,1724,0.6000000000000001
1,1725,0.6000000000000001
1,1726,0.6000000000000001
1,1727,0.6000000000000001
1,1728,0.6000000000000001
1,1729,0.6000000000000001
1,1730,0.6000000000000001
1,1731,0.6000000000000001
1,1732,0.6000000000000001
1,1733,0.6000000000000001
1,1734,0.6000000000000001
1,1735,0.6000000000000001
1,1736,0.6000000000000001
1,1737,0.6000000000000001
1,1738,0.6000000000000001
1,1739,0.6000000000000001
1,1740,0.6000000000000001
1,1741,0.6000000000000001
1,1742,0.6000000000000001
1,1743,0.6000000000000001
1,1744,0.6000000000000001
1,1745,0.6000000000000001
1,1746,0.6000000000000001
1,1747,0.6000000000000001
1,1748,0.6000000000000001
1,1749,0.6000000000000001
1,1750,0.6000000000000001
1,1751,0.6000000000000001
1,1752,0.6000000000000001
1,1753,0.6000000000000001
1,1754,0.6000000000000001
1,1755,0.6000000000000001
1,1756,0.6000000000000001
1,1757,0.6000000000000001
1,1758,0.6000000000000001
1,1759,0.6000000000000001
1,1760,0.6000000000000001
1,1761,0.6000000000000001
1,1762,0.6000000000000001
1,1763,0.6000000000000001
1,1764,0.6000000000000001
1,1765,0.6000000000000001
1,1766,0.6000000000000001
1,1767,0.6000000000000001
1,1768,0.6000000000000001
1,1769,3.5999999999999996
1,1770,0.6000000000000001
1,1771,3.5999999999999996
1,1772,0.6000000000000001
1,1773,0.6000000000000001
1,1774,2.4000000000000004
1,1775,2.4000000000000004
1,1776,3.5999999999999996
1,1777,0.6000000000000001
1,1778,0.6000000000000001
1,1779,0.6000000000000001
1,1780,0.6000000000000001
1,1781,3.5999999999999996
1,1782,0.6000000000000001
1,1783,0.6000000000000001
1,1784,0.6000000000000001
1,1785,0.6000000000000001
1,1786,0.6000000000000001
1,1787,3.5999999999999996
1,1788,3.5999999999999996
1,1789,1.8
1,1790,3.5999999999999996
1,1791,3.5999999999999996
1,1792,3.5999999999999996
1,1793,3.5999999999999996
1,1794,3.5999999999999996
1,1795,3.5999999999999996
1,1796,3.5999999999999996
1,1797,3.5999999999999996
1,1798,3.5999999999999996
1,1799,3.5999999999999996
1,1800,0.6000000000000001
1,1801,3.5999999999999996
1,1802,3.5999999999999996
1,1803,3.5999999999999996
1,1804,0.6000000000000001
1,1805,3.5999999999999996
1,1806,3.5999999999999996
1,1807,0.6000000000000001
1,1808,0.6000000000000001
1,1809,3.5999999999999996
1,1810,0.6000000000000001
1,1811,3.5999999999999996
1,1812,3.5999999999999996
1,1813,0.6000000000000001
1,1814,3.5999999999999996
1,1815,3.5999999999999996
1,1816,3.5999999999999996
1,1817,3.5999999999999996
1,1818,3.5999999999999996
1,1819,3.5999999999999996
1,1820,3.5999999999999996
1,1821,3.5999999999999996
1,1822,3.5999999999999996
1,1823,3.5999999999999996
1,1824,3.5999999999999996
1,1825,3.5999999999999996
1,1826,3.5999999999999996
1,1827,3.5999999999999996
1,1828,0.6000000000000001
1,1829,3.5999999999999996
1,1830,3.5999999999999996
1,1831,3.5999999999999996
1,1832,3.5999999999999996
1,1833,3.5999999999999996
1,1834,3.5999999999999996
1,1835,3.5999999999999996
1,1836,3.5999999999999996
1,1837,3.5999999999999996
1,1838,0.6000000000000001
1,1839,3.5999999999999996
1,1840,3.5999999999999996
1,1841,3.5999999999999996
1,1842,3.5999999999999996
1,1843,3.5999999999999996
1,1844,0.6000000000000001
1,1845,3.5999999999999996
1,1846,0.6000000000000001
1,1847,0.6000000000000001
1,1848,0.6000000000000001
1,1849,3.5999999999999996
1,1850,0.6000000000000001
1,1851,0.6000000000000001
1,1852,3.5999999999999996
1,1853,0.6000000000000001
1,1854,0.6000000000000001
1,1855,0.6000000000000001
1,1856,0.6000000000000001
1,1857,0.6000000000000001
1,1858,0.6000000000000001
1,1859,3.5999999999999996
1,1860,3.5999999999999996
1,1861,0.6000000000000001
1,1862,0.6000000000000001
1,1863,3.5999999999999996
1,1864,0.6000000000000001
1,1865,3.5999999999999996
1,1866,0.6000000000000001
1,1867,3.5999999999999996
1,1868,3.5999999999999996
1,1869,3.5999999999999996
1,1870,3.5999999999999996
1,1871,0.6000000000000001
1,1872,3.5999999999999996
1,1873,3.5999999999999996
1,1874,3.5999999999999996
1,1875,0.6000000000000001
1,1876,3.5999999999999996
1,1877,3.5999999999999996
1,1878,3.5999999999999996
1,1879,3.5999999999999996
1,1880,2.1633307652783933
1,1881,3.5999999999999996
1,1882,3.5999999999999996
1,1883,3.5999999999999996
1,1884,3.5999999999999996
1,1885,3.5999999999999996
1,1886,3.5999999999999996
1,1887,3.5999999999999996
1,1888,3.5999999999999996
1,1889,3.5999999999999996
1,1890,3.5999999999999996
1,1891,3.5999999999999996
1,1892,3.5999999999999996
1,1893,3.5999999999999996
1,1894,3.5999999999999996
1,1895,3.5999999999999996
1,1896,3.5999999999999996
1,1897,3.5999999999999996
1,1898,3.5999999999999996
1,1899,3.5999999999999996
1,1900,3.5999999999999996
1,1901,3.5999999999999996
1,1902,0.6000000000000001
1,1903,3.5999999999999996
1,1904,3.5999999999999996
1,1905,3.5999999999999996
1,1906,3.5999999999999996
1,1907,3.5999999999999996
1,1908,0.6000000000000001
1,1909,3.5999999999999996
1,1910,3.5999999999999996
1,1911,3.5999999999999996
1,1912,3.5999999999999996
1,1913,0.6000000000000001
1,1914,3.5999999999999996
1,1915,0.6000000000000001
1,1916,0.6000000000000001
1,1917,3.5999999999999996
1,1918,0.6000000000000001
1,1919,0.6000000000000001
1,1920,3.5999999999999996
1,1921,0.6000000000000001
1,1922,0.6000000000000001
1,1923,3.5999999999999996
1,1924,0.6000000000000001
1,1925,1.2
1,1926,3.5999999999999996
1,1927,3.5999999999999996
1,1928,0.6000000000000001
1,1929,0.6000000000000001
1,1930,3.5999999999999996
1,1931,3.5999999999999996
1,1932,3.5999999999999996
1,1933,3.5999999999999996
1,1934,3.5999999999999996
1,1935,3.5999999999999996
1,1936,3.5999999999999996
1,1937,3.5999999999999996
1,1938,3.5999999999999996
1,1939,3.5999999999999996
1,1940,3.5999999999999996
1,1941,3.5999999999999996
1,1942,3.5999999999999996
1,1943,3.5999999999999996
1,1944,3.5999999999999996
1,1945,3.5999999999999996
1,1946,3.5999999999999996
1,1947,3.5999999999999996
1,1948,3.5999999999999996
1,1949,3.5999999999999996
1,1950,3.5999999999999996
1,1951,3.5999999999999996
1,1952,3.5999999999999996
1,1953,3.5999999999999996
1,1954,3.5999999999999996
1,1955,3.5999999999999996
1,1956,3.5999999999999996
1,1957,3.5999999999999996
1,1958,3.5999999999999996
1,1959,3.5999999999999996
1,1960,3.5999999999999996
1,1961,3.5999999999999996
1,1962,3.5999999999999996
1,1963,3.5999999999999996
1,1964,3.5999999999999996
1,1965,3.5999999999999996
1,1966,3.5999999999999996
1,1967,3.5999999999999996
1,1968,3.5999999999999996
1,1969,3.5999999999999996
1,1970,3.5999999999999996
1,1971,3.5999999999999996
1,1972,3.5999999999999996
1,1973,3.5999999999999996
1,1974,3.5999999999999996
1,1975,3.5999999999999996
1,1976,3.5999999999999996
1,1977,3.5999999999999996
1,1978,3.5999999999999996
1,1979,3.5999999999999996
1,1980,3.5999999999999996
1,1981,3.5999999999999996
1,1982,3.5999999999999996
1,1983,3.5999999999999996
1,1984,3.5999999999999996
1,1985,3.5999999999999996
1,1986,3.5999999999999996
1,1987,3.5999999999999996
1,1988,3.5999999999999996
1,1989,3.5999999999999996
1,1990,3.5999999999999996
1,1991,3.5999999999999996
1,1992,3.5999999999999996
1,1993,3.5999999999999996
1,1994,3.5999999999999996
1,1995,3.5999999999999996
1,1996,3.5999999999999996
1,1997,3.5999999999999996
1,1998,3.5999999999999996
1,1999,3.5999999999999996
1,2000,3.5999999999999996
1,2001,0.5999999999999999
1,2002,4.242640687119285
1,2003,0.5999999999999999
1,2004,3.0
1,2005,0.5999999999999999
1,2006,3.0
1,2007,3.4985711369071804
1,2008,3.4985711369071804
1,2009,3.4985711369071804
1,2010,4.242640687119285
1,2011,3.4985711369071804
1,2012,3.4985711369071804
1,2013,1.8973665961010278
1,2014,3.0
1,2015,3.4985711369071804
1,2016,3.0
1,2017,3.4985711369071804
1,2018,3.4985711369071804
1,2019,3.0
1,2020,3.0
1,2021,3.4985711369071804
1,2022,3.4985711369071804
1,2023,3.4985711369071804
1,2024,3.4985711369071804
1,2025,3.4985711369071804
1,2026,3.4985711369071804
1,2027,3.4985711369071804
1,2028,3.4985711369071804
1,2029,3.4985711369071804
1,2030,3.4985711369071804
1,2031,3.4985711369071804
1,2032,3.4985711369071804
1,2033,3.4985711369071804
1,2034,3.4985711369071804
1,2035,3.4985711369071804
1,2036,3.4985711369071804
1,2037,3.4985711369071804
1,2038,3.4985711369071804
1,2039,3.4985711369071804
1,2040,3.4985711369071804
1,2041,3.4985711369071804
1,2042,3.4985711369071804
1,2043,3.4985711369071804
1,2044,3.4985711369071804
1,2045,3.4985711369071804
1,2046,3.4985711369071804
1,2047,3.4985711369071804
1,2048,0.5999999999999999
1,2049,3.4985711369071804
1,2050,3.4985711369071804
1,2051,3.4985711369071804
1,2052,3.4985711369071804
1,2053,0.5999999999999999
1,2054,3.0
1,2055,3.4985711369071804
1,2056,3.4985711369071804
1,2057,4.569463863518345
1,2058,3.0
1,2059,3.4985711369071804
1,2060,3.4985711369071804
1,2061,3.4985711369071804
1,2062,3.4985711369071804
1,2063,3.4985711369071804
1,2064,3.4985711369071804
1,2065,3.4985711369071804
1,2066,3.4985711369071804
1,2067,3.4985711369071804
1,2068,3.4985711369071804
1,2069,3.4985711369071804
1,2070,3.4985711369071804
1,2071,3.4985711369071804
1,2072,3.0
1,2073,3.4985711369071804
1,2074,3.0
1,2075,3.4985711369071804
1,2076,3.4985711369071804
1,2077,3.4985711369071804
1,2078,3.4985711369071804
1,2079,3.4985711369071804
1,2080,3.4985711369071804
1,2081,3.4985711369071804
1,2082,3.4985711369071804
1,2083,3.4985711369071804
1,2084,3.4985711369071804
1,2085,3.4985711369071804
1,2086,3.4985711369071804
1,2087,3.4985711369071804
1,2088,3.4985711369071804
1,2089,3.4985711369071804
1,2090,3.4985711369071804
1,2091,3.0
1,2092,3.4985711369071804
1,2093,3.0
1,2094,3.4985711369071804
1,2095,3.0
1,2096,3.4985711369071804
1,2097,3.4985711369071804
1,2098,3.4985711369071804
1,2099,3.4985711369071804
1,2100,3.0
1,2101,3.4985711369071804
1,2102,3.4985711369071804
1,2103,3.0
1,2104,3.4985711369071804
1,2105,3.4985711369071804
1,2106,3.4985711369071804
1,2107,3.4985711369071804
1,2108,3.4985711369071804
1,2109,3.4985711369071804
1,2110,3.4985711369071804
1,2111,3.4985711369071804
1,2112,3.4985711369071804
1,2113,3.4985711369071804
1,2114,3.4985711369071804
1,2115,3.4985711369071804
1,2116,3.4985711369071804
1,2117,3.4985711369071804
1,2118,3.4985711369071804
1,2119,3.4985711369071804
1,2120,3.4985711369071804
1,2121,3.4985711369071804
1,2122,3.4985711369071804
1,2123,3.4985711369071804
1,2124,3.4985711369071804
1,2125,3.4985711369071804
1,2126,3.4985711369071804
1,2127,3.4985711369071804
1,2128,3.4985711369071804
1,2129,3.4985711369071804
1,2130,3.4985711369071804
1,2131,3.4985711369071804
1,2132,3.4985711369071804
1,2133,3.0
1,2134,3.4985711369071804
1,2135,3.4985711369071804
1,2136,3.4985711369071804
1,2137,3.4985711369071804
1,2138,3.4985711369071804
1,2139,3.4985711369071804
1,2140,3.4985711369071804
1,2141,3.4985711369071804
1,2142,3.4985711369071804
1,2143,3.4985711369071804
1,2144,3.4985711369071804
1,2145,3.4985711369071804
1,2146,3.4985711369071804
1,2147,3.4985711369071804
1,2148,3.4985711369071804
1,2149,3.4985711369071804
1,2150,3.4985711369071804
1,2151,3.4985711369071804
1,2152,3.4985711369071804
1,2153,3.4985711369071804
1,2154,3.4985711369071804
1,2155,3.4985711369071804
1,2156,3.0
1,2157,3.4985711369071804
1,2158,3.4985711369071804
1,2159,3.4985711369071804
1,2160,3.4985711369071804
1,2161,3.4985711369071804
1,2162,3.4985711369071804
1,2163,3.4985711369071804
1,2164,3.4985711369071804
1,2165,3.4985711369071804
1,2166,3.4985711369071804
1,2167,3.4985711369071804
1,2168,3.4985711369071804
1,2169,3.4985711369071804
1,2170,3.4985711369071804
1,2171,3.4985711369071804
1,2172,3.4985711369071804
1,2173,3.4985711369071804
1,2174,3.4985711369071804
1,2175,3.4985711369071804
1,2176,3.4985711369071804
1,2177,3.4985711369071804
1,2178,3.4985711369071804
1,2179,3.4985711369071804
1,2180,3.4985711369071804
1,2181,3.4985711369071804
1,2182,3.4985711369071804
1,2183,3.4985711369071804
1,2184,3.4985711369071804
1,2185,3.4985711369071804
1,2186,3.4985711369071804
1,2187,3.4985711369071804
1,2188,3.4985711369071804
1,2189,3.4985711369071804
1,2190,3.4985711369071804
1,2191,3.4985711369071804
1,2192,3.4985711369071804
1,2193,3.0
1,2194,3.4985711369071804
1,2195,3.4985711369071804
1,2196,3.4985711369071804
1,2197,3.4985711369071804
1,2198,3.4985711369071804
1,2199,3.0
1,2200,3.4985711369071804
1,2201,3.4985711369071804
1,2202,3.4985711369071804
1,2203,3.4985711369071804
1,2204,4.569463863518345
1,2205,3.4985711369071804
1,2206,0.5999999999999999
1,2207,0.5999999999999999
1,2208,0.5999999999999999
1,2209,0.5999999999999999
1,2210,0.5999999999999999
1,2211,0.5999999999999999
1,2212,0.5999999999999999
1,2213,0.5999999999999999
1,2214,0.5999999999999999
1,2215,0.5999999999999999
1,2216,4.242640687119285
1,2217,0.5999999999999999
1,2218,4.242640687119285
1,2219,3.0
1,2220,3.0
1,2221,3.0
1,2222,4.242640687119285
1,2223,3.0
1,2224,3.0
1,2225,3.4985711369071804
1,2226,3.4985711369071804
1,2227,3.4985711369071804
1,2228,0.5999999999999999
1,2229,3.4985711369071804
1,2230,3.4985711369071804
1,2231,0.5999999999999999
1,2232,3.4985711369071804
1,2233,0.5999999999999999
1,2234,3.4985711369071804
1,2235,0.5999999999999999
1,2236,3.4985711369071804
1,2237,0.5999999999999999
1,2238,3.4985711369071804
1,2239,3.4985711369071804
1,2240,3.4985711369071804
1,2241,0.5999999999999999
1,2242,3.4985711369071804
1,2243,0.5999999999999999
1,2244,3.4985711369071804
1,2245,3.0000000000000004
1,2246,0.5999999999999999
1,2247,0.5999999999999999
1,2248,3.4985711369071804
1,2249,3.4985711369071804
1,2250,0.5999999999999999
1,2251,0.5999999999999999
1,2252,3.4985711369071804
1,2253,0.5999999999999999
1,2254,0.5999999999999999
1,2255,3.4985711369071804
1,2256,0.5999999999999999
1,2257,0.5999999999999999
1,2258,3.4985711369071804
1,2259,0.5999999999999999
1,2260,0.5999999999999999
1,2261,3.4985711369071804
1,2262,0.5999999999999999
1,2263,3.4985711369071804
1,2264,0.5999999999999999
1,2265,0.5999999999999999
1,2266,0.5999999999999999
1,2267,0.5999999999999999
1,2268,3.4985711369071804
1,2269,3.4985711369071804
1,2270,3.4985711369071804
1,2271,3.4985711369071804
1,2272,3.4985711369071804
1,2273,0.5999999999999999
1,2274,3.4985711369071804
1,2275,0.5999999999999999
1,2276,0.5999999999999999
1,2277,0.5999999999999999
1,2278,0.5999999999999999
1,2279,0.5999999999999999
1,2280,3.0
1,2281,0.5999999999999999
1,2282,3.4985711369071804
1,2283,3.4985711369071804
1,2284,3.4985711369071804
1,2285,0.5999999999999999
1,2286,3.4985711369071804
1,2287,0.5999999999999999
1,2288,0.5999999999999999
1,2289,0.5999999999999999
1,2290,0.5999999999999999
1,2291,3.0
1,2292,3.4985711369071804
1,2293,0.5999999999999999
1,2294,3.4985711369071804
1,2295,3.0
1,2296,3.4985711369071804
1,2297,3.0
1,2298,3.0
1,2299,3.4985711369071804
1,2300,3.0
1,2301,3.0
1,2302,4.242640687119285
1,2303,3.0
1,2304,3.0
1,2305,4.242640687119285
1,2306,4.242640687119285
1,2307,4.242640687119285
1,2308,5.1613951602255765
1,2309,3.0
1,2310,0.5999999999999999
1,2311,4.242640687119285
1,2312,0.5999999999999999
1,2313,0.5999999999999999
1,2314,3.0
1,2315,3.0
1,2316,5.1613951602255765
1,2317,3.0
1,2318,3.0
1,2319,4.242640687119285
1,2320,5.1613951602255765
1,2321,4.242640687119285
1,2322,0.5999999999999999
1,2323,4.242640687119285
1,2324,3.0
1,2325,0.5999999999999999
1,2326,0.5999999999999999
1,2327,5.1613951602255765
1,2328,3.0
1,2329,0.5999999999999999
1,2330,0.5999999999999999
1,2331,0.5999999999999999
1,2332,3.4985711369071804
1,2333,0.5999999999999999
1,2334,0.5999999999999999
1,2335,3.4985711369071804
1,2336,3.4985711369071804
1,2337,0.5999999999999999
1,2338,0.5999999999999999
1,2339,0.5999999999999999
1,2340,0.5999999999999999
1,2341,0.5999999999999999
1,2342,0.5999999999999999
1,2343,3.0
1,2344,4.569463863518345
1,2345,0.5999999999999999
1,2346,3.4985711369071804
1,2347,0.5999999999999999
1,2348,3.0
1,2349,0.5999999999999999
1,2350,0.5999999999999999
1,2351,3.0
1,2352,0.5999999999999999
1,2353,3.0
1,2354,0.5999999999999999
1,2355,3.0
1,2356,3.0
1,2357,0.5999999999999999
1,2358,3.4985711369071804
1,2359,4.569463863518345
1,2360,3.0
1,2361,3.0
1,2362,0.5999999999999999
1,2363,3.4985711369071804
1,2364,0.5999999999999999
1,2365,3.0
1,2366,3.0
1,2367,3.0
1,2368,3.4985711369071804
1,2369,0.5999999999999999
1,2370,3.4985711369071804
1,2371,0.5999999999999999
1,2372,0.5999999999999999
1,2373,0.5999999999999999
1,2374,3.0
1,2375,0.5999999999999999
1,2376,0.5999999999999999
1,2377,0.5999999999999999
1,2378,0.5999999999999999
1,2379,0.5999999999999999
1,2380,0.5999999999999999
1,2381,0.5999999999999999
1,2382,0.5999999999999999
1,2383,0.5999999999999999
1,2384,0.5999999999999999
1,2385,0.5999999999999999
1,2386,0.5999999999999999
1,2387,0.5999999999999999
1,2388,0.5999999999999999
1,2389,0.5999999999999999
1,2390,0.5999999999999999
1,2391,0.5999999999999999
1,2392,4.242640687119285
1,2393,0.5999999999999999
1,2394,0.5999999999999999
1,2395,4.242640687119285
1,2396,3.0
1,2397,4.242640687119285
1,2398,5.1613951602255765
1,2399,3.0
1,2400,4.242640687119285
1,2401,4.242640687119285
1,2402,3.0
1,2403,3.0
1,2404,4.242640687119285
1,2405,4.242640687119285
1,2406,3.0
1,2407,3.0
1,2408,3.0
1,2409,3.4985711369071804
1,2410,3.0
1,2411,3.0
1,2412,3.0
1,2413,3.0
1,2414,3.0
1,2415,3.0
1,2416,3.0
1,2417,3.0
1,2418,3.0
1,2419,3.4985711369071804
1,2420,3.4985711369071804
1,2421,3.4985711369071804
1,2422,0.5999999999999999
1,2423,3.4985711369071804
1,2424,3.4985711369071804
1,2425,3.4985711369071804
1,2426,3.0
1,2427,3.0
1,2428,4.242640687119285
1,2429,3.0
1,2430,3.4985711369071804
1,2431,3.4985711369071804
1,2432,3.4985711369071804
1,2433,3.4985711369071804
1,2434,3.4985711369071804
1,2435,3.4985711369071804
1,2436,3.4985711369071804
1,2437,3.4985711369071804
1,2438,3.4985711369071804
1,2439,0.5999999999999999
1,2440,0.5999999999999999
1,2441,0.5999999999999999
1,2442,0.5999999999999999
1,2443,0.5999999999999999
1,2444,3.4985711369071804
1,2445,0.5999999999999999
1,2446,0.5999999999999999
1,2447,0.5999999999999999
1,2448,4.686149805543993
1,2449,4.569463863518345
1,2450,4.686149805543993
1,2451,1.8
1,2452,2.545584412271571
1,2453,3.6000000000000005
1,2454,2.545584412271571
1,2455,1.8
1,2456,2.545584412271571
1,2457,2.1633307652783937
1,2458,2.545584412271571
1,2459,2.1633307652783937
1,2460,3.6000000000000005
1,2461,3.6000000000000005
1,2462,2.545584412271571
1,2463,1.2000000000000002
1,2464,2.545584412271571
1,2465,3.6000000000000005
1,2466,1.2000000000000002
1,2467,3.6000000000000005
1,2468,3.6000000000000005
1,2469,2.1633307652783937
1,2470,1.2000000000000002
1,2471,3.6000000000000005
1,2472,3.6000000000000005
1,2473,1.2000000000000002
1,2474,3.6000000000000005
1,2475,1.2000000000000002
1,2476,3.6000000000000005
1,2477,3.6000000000000005
1,2478,3.6000000000000005
1,2479,3.6000000000000005
1,2480,3.6000000000000005
1,2481,1.2000000000000002
1,2482,3.6000000000000005
1,2483,3.6000000000000005
1,2484,3.6000000000000005
1,2485,1.2000000000000002
1,2486,3.6000000000000005
1,2487,3.6000000000000005
1,2488,1.2000000000000002
1,2489,3.6000000000000005
1,2490,1.2000000000000002
1,2491,1.2000000000000002
1,2492,3.6000000000000005
1,2493,3.6000000000000005
1,2494,1.2000000000000002
1,2495,3.6000000000000005
1,2496,3.6000000000000005
1,2497,3.6000000000000005
1,2498,1.2000000000000002
1,2499,3.6000000000000005
1,2500,3.6000000000000005
1,2501,4.686149805543993
1,2502,3.6
1,2503,3.6
1,2504,3.6
1,2505,3.6
1,2506,3.6
1,2507,3.6
1,2508,3.6
1,2509,3.6
1,2510,3.6
1,2511,3.6
1,2512,3.6
1,2513,3.6
1,2514,4.5694638635183455
1,2515,4.686149805543993
1,2516,4.686149805543993
1,2517,3.6
1,2518,3.6
1,2519,4.686149805543993
1,2520,3.6
1,2521,3.6
1,2522,3.6
1,2523,3.6
1,2524,3.6
1,2525,4.686149805543993
1,2526,3.6
1,2527,3.6
1,2528,4.686149805543993
1,2529,4.2
1,2530,3.6
1,2531,4.686149805543993
1,2532,3.6
1,2533,4.686149805543993
1,2534,3.6
1,2535,4.686149805543993
1,2536,3.6
1,2537,3.6
1,2538,4.686149805543993
1,2539,3.6
1,2540,4.686149805543993
1,2541,4.686149805543993
1,2542,4.368065933568311
1,2543,4.5694638635183455
1,2544,3.6
1,2545,4.686149805543993
1,2546,4.686149805543993
1,2547,3.6
1,2548,3.6
1,2549,3.6
1,2550,3.059411708155671
1,2551,4.686149805543993
1,2552,1.8000000000000003
1,2553,3.6
1,2554,4.686149805543993
1,2555,4.686149805543993
1,2556,3.6
1,2557,1.8000000000000003
1,2558,4.8373546489791295
1,2559,3.6
1,2560,3.6
1,2561,3.6
1,2562,3.6
1,2563,3.6
1,2564,3.6
1,2565,3.6
1,2566,3.6
1,2567,3.059411708155671
1,2568,3.6
1,2569,3.6
1,2570,3.059411708155671
1,2571,3.6
1,2572,3.6
1,2573,4.242640687119285
1,2574,3.6
1,2575,3.6
1,2576,1.8000000000000003
1,2577,3.6
1,2578,3.6
1,2579,2.545584412271571
1,2580,1.8000000000000003
1,2581,3.6
1,2582,1.8000000000000003
1,2583,3.6
1,2584,3.6
1,2585,3.6
1,2586,3.6
1,2587,3.6
1,2588,3.6
1,2589,1.8000000000000003
1,2590,3.6
1,2591,1.8000000000000003
1,2592,3.6
1,2593,4.686149805543993
1,2594,4.686149805543993
1,2595,4.686149805543993
1,2596,3.6
1,2597,4.686149805543993
1,2598,4.686149805543993
1,2599,3.6
1,2600,4.686149805543993
1,2601,4.686149805543993
1,2602,4.686149805543993
1,2603,3.6
1,2604,4.686149805543993
1,2605,1.8000000000000003
1,2606,4.686149805543993
1,2607,1.8000000000000003
1,2608,4.686149805543993
1,2609,1.8000000000000003
1,2610,4.686149805543993
1,2611,4.686149805543993
1,2612,4.686149805543993
1,2613,3.6
1,2614,4.686149805543993
1,2615,3.6
1,2616,4.686149805543993
1,2617,3.6
1,2618,3.059411708155671
1,2619,3.059411708155671
1,2620,3.6
1,2621,3.059411708155671
1,2622,3.6
1,2623,3.059411708155671
1,2624,1.8000000000000003
1,2625,3.4985711369071804
1,2626,3.059411708155671
1,2627,3.6
1,2628,4.686149805543993
1,2629,4.686149805543993
1,2630,3.6
1,2631,3.059411708155671
1,2632,1.8000000000000003
1,2633,3.6
1,2634,3.4985711369071804
1,2635,3.6
1,2636,4.686149805543993
1,2637,3.6
1,2638,4.686149805543993
1,2639,0.5999999999999996
1,2640,3.6
1,2641,3.4985711369071804
1,2642,0.5999999999999996
1,2643,2.545584412271571
1,2644,4.686149805543993
1,2645,3.4985711369071804
1,2646,3.4985711369071804
1,2647,4.686149805543993
1,2648,3.6
1,2649,3.4985711369071804
1,2650,4.686149805543993
1,2651,4.686149805543993
1,2652,3.6
1,2653,3.6
1,2654,0.5999999999999996
1,2655,4.686149805543993
1,2656,3.6
1,2657,3.059411708155671
1,2658,3.4985711369071804
1,2659,3.059411708155671
1,2660,1.8000000000000003
1,2661,3.6
1,2662,4.686149805543993
1,2663,4.686149805543993
1,2664,4.686149805543993
1,2665,3.6
1,2666,3.6
1,2667,4.686149805543993
1,2668,3.4985711369071804
1,2669,3.6
1,2670,4.686149805543993
1,2671,3.6
1,2672,3.6
1,2673,3.059411708155671
1,2674,3.6
1,2675,3.4985711369071804
1,2676,4.686149805543993
1,2677,0.5999999999999996
1,2678,3.6
1,2679,4.686149805543993
1,2680,1.8000000000000003
1,2681,0.5999999999999996
1,2682,4.368065933568311
1,2683,4.686149805543993
1,2684,1.8000000000000003
1,2685,4.686149805543993
1,2686,4.686149805543993
1,2687,3.6
1,2688,4.686149805543993
1,2689,1.8000000000000003
1,2690,4.686149805543993
1,2691,3.6
1,2692,3.059411708155671
1,2693,3.6
1,2694,3.059411708155671
1,2695,3.059411708155671
1,2696,3.6
1,2697,0.5999999999999996
1,2698,3.6
1,2699,0.5999999999999996
1,2700,3.6
1,2701,0.5999999999999996
1,2702,3.059411708155671
1,2703,3.6
1,2704,3.059411708155671
1,2705,0.5999999999999996
1,2706,1.8000000000000003
1,2707,0.5999999999999996
1,2708,1.8000000000000003
1,2709,4.686149805543993
1,2710,3.6
1,2711,3.6
1,2712,4.686149805543993
1,2713,3.059411708155671
1,2714,3.6
1,2715,3.6
1,2716,4.686149805543993
1,2717,3.6
1,2718,3.4985711369071804
1,2719,3.059411708155671
1,2720,1.8000000000000003
1,2721,3.6
1,2722,0.5999999999999996
1,2723,3.6
1,2724,3.6
1,2725,3.4985711369071804
1,2726,3.6
1,2727,3.6
1,2728,3.059411708155671
1,2729,3.6
1,2730,1.8000000000000003
1,2731,1.8000000000000003
1,2732,3.6
1,2733,3.059411708155671
1,2734,3.6
1,2735,3.6
1,2736,3.059411708155671
1,2737,3.059411708155671
1,2738,3.6
1,2739,3.6
1,2740,4.686149805543993
1,2741,3.6
1,2742,3.6
1,2743,3.059411708155671
1,2744,1.8000000000000003
1,2745,3.4985711369071804
1,2746,3.059411708155671
1,2747,1.8000000000000003
1,2748,3.6
1,2749,4.686149805543993
1,2750,3.059411708155671
1,2751,3.6
1,2752,0.5999999999999996
1,2753,1.8000000000000003
1,2754,3.059411708155671
1,2755,3.6
1,2756,0.5999999999999996
1,2757,3.6
1,2758,0.5999999999999996
1,2759,3.059411708155671
1,2760,3.6
1,2761,4.686149805543993
1,2762,3.6
1,2763,2.545584412271571
1,2764,3.6
1,2765,4.686149805543993
1,2766,1.8000000000000003
1,2767,4.686149805543993
1,2768,4.686149805543993
1,2769,4.686149805543993
1,2770,4.686149805543993
1,2771,4.686149805543993
1,2772,4.686149805543993
1,2773,3.6
1,2774,4.8373546489791295
1,2775,4.686149805543993
1,2776,3.6
1,2777,3.059411708155671
1,2778,4.686149805543993
1,2779,3.6
1,2780,0.5999999999999996
1,2781,3.6
1,2782,1.8000000000000003
1,2783,4.686149805543993
1,2784,1.8000000000000003
1,2785,3.059411708155671
1,2786,1.8000000000000003
1,2787,3.059411708155671
1,2788,3.059411708155671
1,2789,3.6
1,2790,1.8000000000000003
1,2791,4.686149805543993
1,2792,1.8000000000000003
1,2793,1.8000000000000003
1,2794,3.059411708155671
1,2795,3.6
1,2796,3.6
1,2797,3.059411708155671
1,2798,3.6
1,2799,3.6
1,2800,4.686149805543993
1,2801,2.545584412271571
1,2802,3.6
1,2803,3.6
1,2804,0.5999999999999996
1,2805,4.242640687119285
1,2806,3.6
1,2807,4.686149805543993
1,2808,1.8000000000000003
1,2809,4.686149805543993
1,2810,3.059411708155671
1,2811,3.6
1,2812,4.686149805543993
1,2813,4.686149805543993
1,2814,1.8000000000000003
1,2815,3.4985711369071804
1,2816,0.5999999999999996
1,2817,3.6
1,2818,3.4985711369071804
1,2819,4.686149805543993
1,2820,3.6
1,2821,3.4985711369071804
1,2822,4.686149805543993
1,2823,1.8000000000000003
1,2824,4.686149805543993
1,2825,3.059411708155671
1,2826,1.8000000000000003
1,2827,0.5999999999999996
1,2828,3.6
1,2829,4.686149805543993
1,2830,4.686149805543993
1,2831,4.686149805543993
1,2832,3.6
1,2833,3.059411708155671
1,2834,4.686149805543993
1,2835,4.686149805543993
1,2836,4.686149805543993
1,2837,4.686149805543993
1,2838,3.059411708155671
1,2839,4.686149805543993
1,2840,2.545584412271571
1,2841,4.686149805543993
1,2842,4.686149805543993
1,2843,4.686149805543993
1,2844,4.686149805543993
1,2845,4.686149805543993
1,2846,4.686149805543993
1,2847,4.686149805543993
1,2848,4.686149805543993
1,2849,4.686149805543993
1,2850,4.8373546489791295
1,2851,4.686149805543993
1,2852,4.686149805543993
1,2853,1.8000000000000003
1,2854,4.2
1,2855,4.686149805543993
1,2856,1.8000000000000003
1,2857,3.6
1,2858,1.8000000000000003
1,2859,3.4985711369071804
1,2860,1.8000000000000003
1,2861,1.8000000000000003
1,2862,3.6
1,2863,3.6
1,2864,1.8000000000000003
1,2865,1.8000000000000003
1,2866,1.8000000000000003
1,2867,4.242640687119285
1,2868,3.6
1,2869,1.8000000000000003
1,2870,1.8000000000000003
1,2871,1.8000000000000003
1,2872,1.8000000000000003
1,2873,1.8000000000000003
1,2874,4.242640687119285
1,2875,1.8000000000000003
1,2876,4.242640687119285
1,2877,1.8000000000000003
1,2878,1.8000000000000003
1,2879,1.8000000000000003
1,2880,4.242640687119285
1,2881,1.8000000000000003
1,2882,1.8000000000000003
1,2883,1.8000000000000003
1,2884,4.242640687119285
1,2885,1.8000000000000003
1,2886,1.8000000000000003
1,2887,1.8000000000000003
1,2888,1.8000000000000003
1,2889,1.8000000000000003
1,2890,2.545584412271571
1,2891,1.8000000000000003
1,2892,1.8000000000000003
1,2893,4.242640687119285
1,2894,1.8000000000000003
1,2895,1.8000000000000003
1,2896,1.8000000000000003
1,2897,1.8000000000000003
1,2898,1.8000000000000003
1,2899,1.8000000000000003
1,2900,3.6
1,2901,1.8000000000000003
1,2902,3.0
1,2903,1.8000000000000003
1,2904,1.8000000000000003
1,2905,1.8000000000000003
1,2906,1.8000000000000003
1,2907,1.8000000000000003
1,2908,1.8000000000000003
1,2909,4.242640687119285
1,2910,1.8000000000000003
1,2911,1.8000000000000003
1,2912,1.8000000000000003
1,2913,1.8000000000000003
1,2914,1.8000000000000003
1,2915,4.686149805543993
1,2916,1.8000000000000003
1,2917,4.686149805543993
1,2918,4.368065933568311
1,2919,4.368065933568311
1,2920,4.686149805543993
1,2921,4.686149805543993
1,2922,4.686149805543993
1,2923,4.686149805543993
1,2924,4.686149805543993
1,2925,4.686149805543993
1,2926,1.8000000000000003
1,2927,4.686149805543993
1,2928,1.8000000000000003
1,2929,4.368065933568311
1,2930,4.686149805543993
1,2931,4.242640687119285
1,2932,3.6
1,2933,4.686149805543993
1,2934,4.686149805543993
1,2935,4.686149805543993
1,2936,4.686149805543993
1,2937,1.8000000000000003
1,2938,4.686149805543993
1,2939,4.686149805543993
1,2940,1.8000000000000003
1,2941,4.686149805543993
1,2942,4.686149805543993
1,2943,4.686149805543993
1,2944,3.6
1,2945,4.686149805543993
1,2946,4.686149805543993
1,2947,1.8000000000000003
1,2948,4.686149805543993
1,2949,4.686149805543993
1,2950,1.8000000000000003
1,2951,4.686149805543993
1,2952,4.686149805543993
1,2953,3.6
1,2954,4.686149805543993
1,2955,4.686149805543993
1,2956,4.686149805543993
1,2957,3.6
1,2958,4.686149805543993
1,2959,4.686149805543993
1,2960,1.8000000000000003
1,2961,3.6
1,2962,4.686149805543993
1,2963,4.368065933568311
1,2964,4.686149805543993
1,2965,4.686149805543993
1,2966,4.368065933568311
1,2967,4.368065933568311
1,2968,4.686149805543993
1,2969,4.686149805543993
1,2970,3.6
1,2971,1.8000000000000003
1,2972,4.686149805543993
1,2973,3.4985711369071804
1,2974,3.6
1,2975,4.686149805543993
1,2976,1.8000000000000003
1,2977,4.686149805543993
1,2978,3.4985711369071804
1,2979,4.686149805543993
1,2980,3.6
1,2981,4.686149805543993
1,2982,3.6
1,2983,4.686149805543993
1,2984,1.8000000000000003
1,2985,4.686149805543993
1,2986,4.368065933568311
1,2987,4.686149805543993
1,2988,4.686149805543993
1,2989,4.368065933568311
1,2990,4.686149805543993
1,2991,1.8000000000000003
1,2992,4.686149805543993
1,2993,4.686149805543993
1,2994,3.6
1,2995,4.5694638635183455
1,2996,1.8000000000000003
1,2997,3.6
1,2998,4.686149805543993
1,2999,3.6
1,3000,3.6
