run,error
1,4.569463863518345
1,0.0
1,3.0
1,0.0
1,0.0
1,0.0
1,0.0
1,0.0
1,3.2310988842807027
1,0.0
1,0.0
1,0.0
1,2.4
1,0.0
1,0.0
1,0.0
1,0.0
1,0.0
1,0.0
1,0.0
1,0.0
1,0.0
1,0.0
1,1.2
1,0.0
1,0.0
1,0.0
1,0.0
1,0.0
1,0.0
1,0.0
1,0.6
1,0.0
1,3.6000000000000005
1,0.0
1,1.8973665961010275
1,0.0
1,0.0
1,0.0
1,0.0
1,0.6000000000000001
1,0.0
1,0.0
1,0.0
1,0.0
1,0.0
1,0.0
1,0.0
1,0.0
1,5.1613951602255765
1,0.0
1,0.0
1,0.0
1,0.0
1,0.0
1,0.0
1,5.43323108288245
1,5.43323108288245
1,0.0
1,0.0
1,0.0
1,0.0
1,0.6
1,1.3416407864998738
1,1.8973665961010278
1,0.0
1,0.0
1,0.0
1,0.0
1,0.0
1,0.0
1,0.0
1,0.0
1,0.0
1,3.5999999999999996
1,0.0
1,0.0
1,0.0
1,0.0
1,1.8
1,0.0
1,0.0
1,0.0
1,0.5999999999999999
1,0.0
1,0.0
1,0.0
1,3.4985711369071804
1,3.6
1,0.0
1,0.0
1,0.0
1,0.0
1,0.0
1,0.0
1,0.0
1,3.6496575181789317
1,0.0
1,1.697056274847714
1,0.0
1,0.0
1,0.0
1,0.0
1,0.0
1,0.0
1,0.0
1,0.0
1,0.0
1,0.0
1,0.0
1,0.0
1,2.1633307652783933
1,0.0
1,0.0
1,0.0
1,0.0
1,0.0
1,4.368065933568311
1,0.0
1,0.0
1,0.0
1,0.0
1,4.368065933568311
1,1.8973665961010275
1,0.0
1,0.0
1,0.0
1,5.43323108288245
1,0.0
1,0.0
1,0.0
1,0.0
1,0.0
1,0.0
1,0.0
1,0.0
1,0.0
1,0.0
1,0.0
1,0.0
1,0.0
1,0.0
1,0.0
1,0.5999999999999999
1,0.0
1,0.0
1,0.0
1,0.0
1,0.0
1,0.0
1,0.0
1,0.0
1,3.0
1,0.0
1,0.0
1,3.2310988842807027
1,1.8000000000000003
1,0.0
1,0.6000000000000001
1,0.0
1,0.5999999999999996
1,0.0
1,0.0
1,0.0
1,2.1633307652783933
1,0.0
1,0.0
1,0.0
1,0.0
1,2.1633307652783933
1,1.8
1,0.0
1,0.0
1,0.0
1,0.0
1,0.0
1,0.0
1,0.0
1,0.0
1,0.0
1,2.4
1,0.0
1,0.0
1,0.0
1,0.6
1,4.569463863518345
1,0.0
1,3.2310988842807027
1,0.0
1,0.0
1,0.0
1,0.0
1,0.0
1,0.0
1,0.0
1,0.0
1,0.0
1,0.0
1,0.0
1,0.0
1,0.0
1,3.8418745424597094
1,0.0
1,0.0
1,0.0
1,0.0
1,0.0
1,5.692099788303083
1,1.697056274847714
1,0.0
1,3.6496575181789317
1,0.0
1,0.0
1,3.059411708155671
1,1.8
1,4.800000000000001
1,0.6000000000000001
1,0.0
1,0.0
1,0.0
1,0.0
1,0.0
1,0.0
1,0.0
1,0.0
1,0.0
1,0.0
1,0.0
1,0.0
1,3.0
1,0.0
1,3.6
1,0.0
1,0.0
1,3.4985711369071804
1,0.0
1,2.1633307652783933
1,0.0
1,0.0
1,0.0
1,0.0
1,0.0
1,0.0
1,5.909314681077663
1,0.0
1,3.6496575181789317
1,0.0
1,0.0
1,1.8
1,0.0
1,0.0
1,0.0
1,0.0
1,0.0
1,0.0
1,0.0
1,0.0
1,0.0
1,0.0
1,0.0
1,3.2310988842807027
1,0.0
1,0.0
1,3.4985711369071804
1,0.6000000000000001
1,0.0
1,0.0
1,0.0
1,0.0
1,0.0
1,0.0
1,0.0
1,0.0
1,0.0
1,0.0
1,0.0
1,0.0
1,0.0
1,0.0
1,0.0
1,0.0
1,0.0
1,0.0
1,0.0
1,0.0
1,0.0
1,0.0
1,0.0
1,0.0
1,0.0
1,0.0
1,0.0
1,3.394112549695428
1,0.0
1,0.0
1,0.0
1,4.800000000000001
1,3.5999999999999996
1,1.8
1,1.8000000000000003
1,0.0
1,0.0
1,0.0
1,1.3416407864998738
1,0.0
1,0.0
1,4.8373546489791295
1,0.0
1,0.0
1,1.2000000000000002
1,0.0
1,0.0
1,0.0
1,0.0
1,0.0
1,0.6
1,0.0
1,4.800000000000001
1,0.0
1,0.0
1,0.0
1,3.059411708155671
1,0.0
1,0.0
1,0.5999999999999996
1,0.0
1,0.0
1,0.0
1,0.0
1,0.0
1,0.0
1,0.0
1,0.0
1,0.0
1,0.0
1,0.0
1,0.0
1,0.0
1,0.0
1,0.0
1,0.0
1,0.0
1,0.0
1,0.0
1,0.0
1,0.0
1,0.0
1,0.0
1,0.0
1,0.0
1,0.0
1,0.0
1,0.0
1,0.6000000000000001
1,3.5999999999999996
1,0.0
1,0.0
1,0.0
1,0.0
1,0.0
1,3.2310988842807027
1,5.43323108288245
1,0.0
1,1.8
1,0.0
1,0.0
1,0.6000000000000001
1,0.0
1,0.6
1,0.0
1,0.0
1,0.0
1,0.0
1,4.8373546489791295
1,0.0
1,0.0
1,0.0
1,0.0
1,0.0
1,0.0
1,0.0
1,0.0
1,0.0
1,0.0
1,5.531726674375733
1,0.0
1,0.0
1,0.0
1,0.0
1,0.0
1,0.0
1,0.0
1,0.0
1,0.0
1,1.697056274847714
1,1.2000000000000002
1,0.0
1,0.0
1,0.0
1,0.0
1,0.0
1,1.2000000000000002
1,0.0
1,2.4
1,0.0
1,3.0
1,0.0
1,0.0
1,0.0
1,0.0
1,4.368065933568311
1,0.0
1,0.0
1,0.0
1,0.0
1,0.0
1,0.0
1,0.0
1,4.326661530556787
1,3.0
1,0.0
1,0.0
1,0.0
1,0.0
1,0.0
1,0.0
1,0.0
1,0.0
1,0.0
1,1.697056274847714
1,0.0
1,0.0
1,0.0
1,0.0
1,3.059411708155671
1,1.2000000000000002
1,0.0
1,0.0
1,0.0
1,0.0
1,0.0
1,0.0
1,2.4
1,0.0
1,0.0
1,0.0
1,1.2
1,0.0
1,1.8000000000000003
1,0.0
1,0.0
1,0.0
1,0.0
1,0.0
1,0.0
1,0.0
1,0.0
1,0.0
1,0.0
1,0.0
1,1.7999999999999998
1,0.0
1,0.0
1,4.8373546489791295
1,0.0
1,0.0
1,1.8973665961010278
1,3.8418745424597094
1,0.0
1,0.0
1,0.0
1,0.0
1,0.0
1,0.0
1,0.0
1,0.0
1,0.0
1,0.0
1,0.0
1,0.0
1,0.0
1,1.8973665961010278
1,0.0
1,0.0
1,0.0
1,5.43323108288245
1,0.0
1,0.0
1,0.0
1,0.0
1,0.0
1,0.0
1,5.43323108288245
1,0.0
1,4.8
1,0.0
1,0.0
1,3.5999999999999996
1,0.0
1,0.0
1,0.0
1,3.6496575181789317
1,0.0
1,0.0
1,0.0
1,0.0
1,0.0
1,0.0
1,6.029925372672534
1,0.0
1,0.0
1,0.0
1,0.0
1,0.0
1,0.0
1,0.5999999999999996
1,0.0
1,0.0
1,0.0
1,3.4985711369071804
1,0.0
1,0.0
1,0.0
1,0.0
1,0.0
1,0.0
1,0.0
1,0.0
1,0.0
1,0.0
1,0.0
1,0.0
1,0.0
1,0.0
1,0.0
1,0.0
1,3.2310988842807027
1,0.0
1,0.0
1,0.0
1,0.0
1,0.0
1,0.0
1,0.0
1,1.697056274847714
1,0.0
1,0.0
1,3.0
1,0.0
1,0.0
1,0.0
1,0.0
1,0.0
1,0.0
1,0.0
1,0.0
1,0.0
1,0.0
1,5.43323108288245
1,0.0
1,0.0
1,0.0
1,2.4
1,0.0
1,0.0
1,0.0
1,3.5999999999999996
1,0.0
1,0.0
1,0.0
1,0.0
1,0.0
1,0.0
1,5.660388679233963
1,0.0
1,3.6496575181789317
1,0.0
1,0.0
1,0.0
1,0.0
1,0.0
1,1.8973665961010273
1,0.0
1,0.0
1,0.0
1,0.0
1,0.0
1,0.0
1,0.0
1,0.0
1,0.0
1,0.0
1,4.368065933568311
1,0.0
1,0.0
1,4.686149805543993
1,0.0
1,0.0
1,3.6
1,0.6
1,0.0
1,0.0
1,0.0
1,3.059411708155671
1,0.0
1,0.0
1,0.0
1,0.0
1,0.0
1,1.8000000000000003
1,0.0
1,0.0
1,3.4985711369071804
1,0.0
1,0.0
1,0.0
1,2.4
1,0.0
1,0.0
1,0.0
1,0.6000000000000001
1,0.0
1,0.0
1,0.0
1,0.0
1,0.0
1,0.0
1,0.0
1,0.6
1,1.7999999999999998
1,0.0
1,2.1633307652783933
1,0.0
1,2.4000000000000004
1,0.0
1,0.0
1,0.0
1,6.0
1,0.0
1,1.2000000000000002
1,0.0
1,0.0
1,0.0
1,4.8373546489791295
1,0.0
1,5.43323108288245
1,0.0
1,0.0
1,0.0
1,0.0
1,4.8373546489791295
1,0.0
1,0.0
1,1.8
1,0.0
1,1.8000000000000003
1,0.0
1,0.0
1,0.0
1,0.0
1,0.0
1,0.0
1,1.8
1,0.0
1,0.0
1,3.4985711369071804
1,0.0
1,0.0
1,0.0
1,0.0
1,0.0
1,0.0
1,0.0
1,0.0
1,0.0
1,0.0
1,0.0
1,4.024922359499622
1,0.0
1,0.0
1,0.5999999999999996
1,0.0
1,1.7999999999999998
1,0.0
1,0.0
1,0.0
1,0.0
1,0.0
1,0.0
1,0.0
1,0.0
1,0.0
1,0.0
1,2.4
1,0.0
1,0.0
1,0.0
1,0.0
1,0.0
1,0.0
1,0.0
1,0.0
1,0.0
1,0.0
1,0.0
1,3.4985711369071804
1,1.3416407864998738
1,0.0
1,4.8
1,0.0
1,0.0
1,0.0
1,0.6000000000000001
1,0.0
1,0.0
1,0.0
1,0.0
1,0.0
1,0.0
1,0.0
1,1.697056274847714
1,0.0
1,0.0
1,0.0
1,0.0
1,0.0
1,0.0
1,0.0
1,0.0
1,0.0
1,0.0
1,0.0
1,0.0
1,0.0
1,0.0
1,3.059411708155671
1,0.0
1,1.3416407864998738
1,0.0
1,0.0
1,0.0
1,0.0
1,0.0
1,0.0
1,0.0
1,0.0
1,0.0
1,0.0
1,0.0
1,0.0
1,0.0
1,0.0
1,0.6000000000000001
1,0.0
1,0.0
1,0.0
1,0.0
1,0.0
1,0.0
1,0.0
1,0.0
1,0.0
1,1.8
1,0.0
1,0.0
1,1.7999999999999998
1,0.0
1,0.0
1,0.0
1,1.8973665961010278
1,0.0
1,0.0
1,0.0
1,0.0
1,0.0
1,0.0
1,0.0
1,0.0
1,0.0
1,0.0
1,0.0
1,0.0
1,0.0
1,0.0
1,0.0
1,0.0
1,0.0
1,0.0
1,0.0
1,0.0
1,1.8
1,0.0
1,0.0
1,0.0
1,0.6
1,0.0
1,0.0
1,3.5999999999999996
1,0.0
1,0.0
1,1.697056274847714
1,0.0
1,0.0
1,0.0
1,0.0
1,0.0
1,0.0
1,0.0
1,0.0
1,0.0
1,0.0
1,0.0
1,0.0
1,0.0
1,3.5999999999999996
1,0.0
1,0.0
1,0.0
1,0.0
1,0.0
1,0.0
1,0.0
1,0.0
1,0.0
1,0.0
1,0.0
1,0.0
1,5.43323108288245
1,0.0
1,0.0
1,0.0
1,0.0
1,0.5999999999999996
1,1.7999999999999998
1,5.4
1,0.0
1,0.0
1,4.024922359499622
1,0.0
1,0.0
1,0.0
1,0.0
1,0.0
1,0.0
1,0.0
1,0.0
1,0.0
1,0.0
1,3.0
1,0.0
1,0.0
1,0.0
1,0.5999999999999996
1,0.0
1,0.0
1,0.0
1,0.0
1,0.0
1,0.0
1,0.0
1,0.0
1,0.0
1,0.6000000000000001
1,0.0
1,3.059411708155671
1,0.0
1,0.0
1,0.0
1,0.0
1,0.0
1,0.0
1,0.0
1,0.0
1,1.8000000000000003
1,0.0
1,0.0
1,3.2310988842807027
1,0.0
1,3.4985711369071804
1,0.0
1,1.2000000000000002
1,0.0
1,0.6000000000000001
1,5.43323108288245
1,0.0
1,0.0
1,0.0
1,0.0
1,0.0
1,0.0
1,0.0
1,3.2310988842807027
1,0.0
1,0.0
1,0.0
1,0.0
1,5.43323108288245
1,1.2000000000000002
1,0.0
1,0.0
1,0.0
1,0.0
1,0.0
1,0.0
1,5.43323108288245
1,0.6000000000000001
1,0.0
1,0.0
1,3.0
1,4.686149805543993
1,0.0
1,0.0
1,0.0
1,0.0
1,0.0
1,0.0
1,0.0
1,0.0
1,3.6
1,0.0
1,0.0
1,0.0
1,0.0
1,0.0
1,5.43323108288245
1,0.0
1,0.0
1,0.0
1,0.0
1,0.0
1,0.0
1,4.8373546489791295
1,0.0
1,5.126402247190518
1,0.0
1,0.0
1,1.3416407864998738
1,0.0
1,0.0
1,0.0
1,2.473863375370596
1,4.368065933568311
1,0.6000000000000001
1,0.0
1,0.0
1,0.0
1,0.0
1,1.8
1,4.8373546489791295
1,0.0
1,3.2310988842807027
1,0.0
1,0.0
1,6.118823416311342
1,1.8973665961010273
1,0.0
1,1.7999999999999998
1,0.0
1,0.0
1,0.0
1,0.0
1,0.0
1,0.0
1,0.0
1,1.2000000000000002
1,4.686149805543993
1,0.0
1,0.0
1,0.0
1,0.6
1,0.0
1,0.0
1,0.0
1,0.0
1,0.0
1,2.1633307652783933
1,3.2310988842807027
1,0.0
1,1.3416407864998738
1,0.0
1,1.8973665961010275
1,0.0
1,4.800000000000001
1,0.0
1,0.0
1,0.0
1,3.2310988842807022
1,5.43323108288245
1,0.0
1,0.0
1,0.0
1,0.6000000000000001
1,0.0
1,0.0
1,2.473863375370596
1,4.947726750741193
1,0.0
1,6.708203932499369
1,0.0
1,0.0
1,0.0
1,0.0
1,5.43323108288245
1,0.0
1,0.0
1,3.5999999999999996
1,0.0
1,1.3416407864998738
1,1.2000000000000002
1,1.8000000000000003
1,0.0
1,0.0
1,3.2310988842807022
1,0.0
1,0.0
1,0.0
1,0.0
1,0.0
1,0.0
1,0.6000000000000001
1,0.6
1,0.0
1,0.0
1,0.0
1,2.4
1,0.0
1,0.0
1,0.0
1,0.0
1,1.3416407864998738
1,0.0
1,3.49857113690718
1,3.2310988842807027
1,2.1633307652783933
1,0.0
1,0.0
1,0.0
1,0.0
1,0.0
1,0.0
1,0.0
1,0.0
1,0.0
1,0.0
1,0.0
1,0.0
1,1.8973665961010278
1,0.0
1,4.2
1,0.0
1,0.0
1,0.0
1,0.0
1,3.4985711369071804
1,2.473863375370596
1,1.2
1,3.0
1,0.5999999999999996
1,4.242640687119285
1,0.6000000000000001
1,0.0
1,5.4
1,0.0
1,0.0
1,1.2000000000000002
1,1.8
1,0.6
1,0.0
1,0.0
1,0.0
1,0.0
1,0.0
1,0.0
1,0.0
1,0.0
1,0.0
1,0.0
1,0.0
1,0.0
1,0.0
1,0.0
1,0.0
1,6.177378084592201
1,0.0
1,0.0
1,0.0
1,0.0
1,0.0
1,0.0
1,0.0
1,1.3416407864998738
1,0.0
1,0.0
1,0.0
1,0.0
1,0.6
1,0.0
1,0.0
1,0.0
1,0.0
1,0.0
1,0.0
1,0.0
1,0.0
1,0.0
1,0.6000000000000001
1,1.7999999999999998
1,0.0
1,0.0
1,0.0
1,0.0
1,0.0
1,0.0
1,0.0
1,0.0
1,0.0
1,0.0
1,0.0
1,0.0
1,3.0
1,0.0
1,0.0
1,0.0
1,0.0
1,0.0
1,0.0
1,0.0
1,0.0
1,0.0
1,0.0
1,0.0
1,3.2310988842807022
1,0.0
1,0.0
1,0.0
1,0.0
1,4.368065933568311
1,0.0
1,4.368065933568311
1,0.0
1,0.6000000000000001
1,0.0
1,0.0
1,0.0
1,0.0
1,0.0
1,3.059411708155671
1,0.0
1,0.0
1,3.0
1,0.0
1,0.0
1,1.3416407864998738
1,0.0
1,0.5999999999999996
1,0.0
1,0.0
1,0.0
1,0.0
1,0.6000000000000005
1,0.0
1,0.0
1,0.0
1,3.059411708155671
1,0.0
1,0.0
1,0.0
1,1.697056274847714
1,0.0
1,0.0
1,0.0
1,0.0
1,0.0
1,0.0
1,0.0
1,0.0
1,0.0
1,0.0
1,1.8
1,0.0
1,0.0
1,0.0
1,1.8973665961010275
1,0.0
1,0.6000000000000001
1,4.8373546489791295
1,0.0
1,0.0
1,0.0
1,0.0
1,0.0
1,0.0
1,0.0
1,0.0
1,0.0
1,0.0
1,0.0
1,0.0
1,0.0
1,0.0
1,1.697056274847714
1,0.6
1,0.0
1,0.0
1,0.0
1,0.0
1,0.0
1,0.0
1,3.5999999999999996
1,0.0
1,0.0
1,0.0
1,0.0
1,0.0
1,3.059411708155671
1,0.0
1,0.0
1,0.0
1,0.0
1,1.341640786499874
1,0.0
1,0.0
1,2.1633307652783933
1,3.0
1,0.0
1,0.0
1,1.697056274847714
1,0.0
1,0.0
1,0.0
1,0.0
1,3.5999999999999996
1,0.0
1,0.0
1,4.368065933568311
1,0.5999999999999996
1,0.0
1,0.0
1,3.8418745424597094
1,0.0
1,1.7999999999999998
1,0.0
1,0.0
1,0.0
1,0.0
1,0.0
1,0.0
1,0.0
1,0.0
1,0.0
1,0.0
1,0.0
1,0.0
1,0.0
1,0.0
1,0.0
1,3.0
1,0.0
1,0.0
1,0.0
1,0.0
1,0.0
1,0.0
1,0.0
1,0.0
1,0.0
1,5.43323108288245
1,0.0
1,4.242640687119285
1,0.0
1,1.341640786499874
1,0.0
1,0.0
1,5.43323108288245
1,0.0
1,0.0
1,0.6
1,0.0
1,0.0
1,1.2
1,0.0
1,0.0
1,0.5999999999999996
1,0.0
1,3.059411708155671
1,0.6000000000000001
1,0.0
1,0.0
1,1.1999999999999997
1,0.0
1,0.0
1,0.0
1,0.0
1,0.5999999999999996
1,0.6
1,2.4
1,6.029925372672534
1,0.0
1,0.0
1,0.0
1,0.0
1,5.1613951602255765
1,0.0
1,0.0
1,0.0
1,0.0
1,0.0
1,0.0
1,2.4000000000000004
1,0.0
1,0.0
1,0.0
1,0.0
1,0.0
1,0.0
1,0.0
1,0.0
1,0.0
1,0.0
1,0.0
1,5.43323108288245
1,0.0
1,3.4985711369071804
1,0.0
1,0.0
1,4.2
1,0.0
1,0.0
1,0.0
1,0.0
1,0.0
1,0.0
1,1.3416407864998738
1,0.0
1,0.0
1,0.0
1,0.0
1,0.0
1,0.0
1,5.43323108288245
1,0.0
1,0.0
1,0.0
1,0.0
1,0.0
1,0.0
1,0.0
1,0.0
1,0.0
1,0.0
1,5.43323108288245
1,4.8373546489791295
1,0.0
1,0.0
1,0.0
1,0.0
1,0.0
1,3.5999999999999996
1,0.0
1,0.0
1,0.0
1,0.0
1,0.0
1,0.0
1,3.5999999999999996
1,0.0
1,0.0
1,0.0
1,2.1633307652783933
1,0.0
1,0.0
1,3.8418745424597094
1,0.0
1,0.0
1,1.8973665961010278
1,5.43323108288245
1,0.0
1,0.0
1,0.0
1,0.0
1,0.0
1,0.0
1,0.0
1,3.0
1,0.0
1,0.0
1,4.5694638635183455
1,0.0
1,0.0
1,0.6000000000000001
1,0.0
1,0.0
1,0.0
1,2.545584412271571
1,1.8
1,0.0
1,0.0
1,0.0
1,0.6000000000000001
1,5.43323108288245
1,0.0
1,0.0
1,0.0
1,0.0
1,0.0
1,5.660388679233963
1,0.0
1,0.0
1,0.0
1,3.6496575181789317
1,0.0
1,0.0
1,0.0
1,0.0
1,2.1633307652783933
1,0.0
1,0.0
1,0.0
1,0.5999999999999996
1,0.0
1,0.0
1,0.0
1,0.0
1,0.0
1,0.0
1,0.0
1,5.43323108288245
1,0.0
1,0.0
1,3.4985711369071804
1,0.5999999999999996
1,0.0
1,0.0
1,1.2
1,0.0
1,0.0
1,0.0
1,0.0
1,0.0
1,1.697056274847714
1,0.0
1,0.0
1,0.0
1,0.6000000000000001
1,0.0
1,3.394112549695428
1,0.0
1,0.0
1,0.0
1,0.0
1,0.0
1,2.4
1,0.0
1,0.0
1,0.0
1,0.0
1,0.0
1,0.0
1,1.2
1,0.0
1,0.0
1,5.43323108288245
1,0.0
1,0.0
1,0.0
1,0.6000000000000001
1,0.0
1,0.6
1,1.2
1,0.0
1,0.0
1,0.0
1,0.0
1,4.368065933568311
1,4.368065933568311
1,1.697056274847714
1,0.0
1,0.0
1,0.0
1,0.0
1,0.0
1,0.0
1,0.0
1,0.0
1,0.0
1,0.0
1,0.0
1,0.0
1,0.0
1,0.0
1,0.0
1,0.0
1,0.0
1,0.0
1,0.0
1,0.0
1,0.0
1,0.0
1,0.0
1,0.0
1,0.0
1,0.0
1,0.0
1,0.0
1,0.0
1,3.6496575181789317
1,0.0
1,0.0
1,0.0
1,5.43323108288245
1,0.0
1,5.4
1,0.0
1,3.49857113690718
1,3.0
1,0.0
1,0.0
1,0.0
1,0.0
1,0.0
1,0.0
1,0.0
1,0.0
1,0.0
1,0.0
1,0.0
1,0.0
1,0.0
1,0.0
1,0.5999999999999996
1,5.1613951602255765
1,0.0
1,0.0
1,0.0
1,0.0
1,0.0
1,0.0
1,1.2000000000000002
1,0.0
1,0.0
1,1.2000000000000002
1,0.0
1,0.0
1,0.0
1,0.0
1,0.0
1,0.0
1,5.43323108288245
1,0.0
1,0.0
1,0.0
1,3.8418745424597094
1,0.0
1,0.0
1,0.0
1,0.0
1,0.0
1,0.6
1,1.8
1,5.43323108288245
1,0.0
1,1.8
1,0.6000000000000005
1,0.0
1,5.43323108288245
1,0.0
1,0.0
1,0.0
1,0.0
1,0.0
1,0.0
1,0.0
1,0.0
1,0.0
1,0.0
1,0.0
1,0.0
1,0.0
1,0.6000000000000001
1,0.0
1,0.0
1,0.0
1,0.0
1,0.0
1,0.0
1,0.0
1,0.0
1,0.0
1,3.6
1,0.0
1,0.0
1,0.0
1,0.0
1,0.0
1,4.368065933568311
1,1.697056274847714
1,0.0
1,0.0
1,0.0
1,0.0
1,1.7999999999999998
1,0.0
1,0.0
1,0.0
1,0.0
1,0.0
1,0.0
1,2.4000000000000004
1,0.0
1,0.0
1,0.0
1,0.0
1,0.0
1,0.0
1,0.0
1,0.0
1,0.0
1,0.5999999999999999
1,0.0
1,0.0
1,0.0
1,0.0
1,0.0
1,0.0
1,0.0
1,2.4
1,0.0
1,0.0
1,0.0
1,0.0
1,5.1613951602255765
1,0.0
1,0.0
1,0.0
1,0.0
1,0.0
1,0.0
1,0.0
1,0.0
1,0.0
1,3.0
1,0.0
1,0.0
1,0.0
1,0.0
1,0.0
1,0.0
1,0.6000000000000001
1,0.0
1,0.0
1,0.0
1,0.0
1,3.5999999999999996
1,0.0
1,0.0
1,0.0
1,0.0
1,0.0
1,0.0
1,0.0
1,4.242640687119285
1,0.0
1,1.7999999999999998
1,0.0
1,0.0
1,2.4
1,0.0
1,1.8000000000000003
1,0.0
1,0.0
1,3.5999999999999996
1,0.0
1,0.0
1,0.0
1,0.0
1,0.0
1,0.0
1,0.0
1,0.0
1,0.0
1,0.6
1,0.0
1,0.0
1,0.0
1,0.0
1,0.0
1,0.0
1,0.0
1,0.0
1,0.0
1,0.0
1,0.0
1,1.697056274847714
1,0.0
1,0.0
1,0.0
1,0.0
1,0.0
1,1.7999999999999998
1,0.0
1,0.0
1,2.6832815729997477
1,0.0
1,3.2310988842807027
1,0.0
1,0.0
1,0.0
1,0.0
1,0.0
1,0.0
1,0.0
1,0.6000000000000001
1,0.8485281374238569
1,1.8973665961010275
1,0.0
1,0.0
1,0.0
1,0.0
1,0.0
1,0.0
1,3.6
1,0.0
1,0.0
1,0.0
1,0.0
1,0.0
1,0.0
1,0.0
1,0.0
1,1.7999999999999998
1,0.0
1,0.0
1,3.059411708155671
1,0.0
1,0.0
1,0.0
1,0.0
1,1.3416407864998738
1,0.0
1,0.0
1,0.0
1,0.0
1,0.0
1,0.0
1,0.0
1,0.0
1,1.2000000000000002
1,0.0
1,0.0
1,0.0
1,0.0
1,0.0
1,0.0
1,0.0
1,2.1633307652783933
1,0.0
1,0.0
1,0.0
1,0.0
1,0.0
1,0.0
1,3.0000000000000004
1,0.0
1,0.0
1,0.6
1,0.0
1,0.0
1,3.2310988842807027
1,0.0
1,5.692099788303083
1,0.0
1,0.0
1,1.8
1,0.0
1,0.0
1,0.0
1,0.0
1,5.126402247190518
1,3.5999999999999996
1,0.0
1,5.43323108288245
1,0.0
1,1.697056274847714
1,0.0
1,0.0
1,0.0
1,2.4
1,3.2310988842807027
1,5.43323108288245
1,0.0
1,0.0
1,0.0
1,0.0
1,0.0
1,0.0
1,0.0
1,0.0
1,0.0
1,0.0
1,0.6000000000000001
1,0.0
1,1.8
1,3.2310988842807022
1,0.0
1,0.0
1,0.0
1,0.0
1,0.0
1,0.0
1,0.0
1,0.0
1,0.0
1,0.0
1,0.0
1,0.0
1,0.0
1,0.0
1,0.0
1,0.0
1,0.0
1,0.0
1,0.0
1,0.0
1,0.0
1,3.2310988842807027
1,0.0
1,0.0
1,0.0
1,0.5999999999999996
1,2.1633307652783933
1,0.0
1,0.0
1,0.0
1,0.0
1,0.0
1,0.0
1,0.0
1,6.0
1,0.0
1,5.43323108288245
1,0.0
1,0.0
1,0.0
1,0.0
1,4.242640687119285
1,0.0
1,1.8
1,0.0
1,0.0
1,0.0
1,5.43323108288245
1,0.0
1,0.0
1,0.0
1,0.0
1,2.1633307652783933
1,1.8
1,0.0
1,0.0
1,0.0
1,0.0
1,3.0
1,0.0
1,0.0
1,0.0
1,0.0
1,0.0
1,3.4985711369071804
1,0.0
1,0.0
1,0.0
1,0.0
1,0.0
1,3.2310988842807022
1,0.0
1,0.0
1,3.5999999999999996
1,0.0
1,0.0
1,0.0
1,0.0
1,0.0
1,0.0
1,0.0
1,0.0
1,0.0
1,4.8373546489791295
1,0.0
1,0.0
1,0.0
1,0.0
1,0.0
1,1.7999999999999998
1,0.0
1,0.0
1,0.0
1,0.0
1,0.0
1,1.3416407864998738
1,0.0
1,0.0
1,0.0
1,0.0
1,0.0
1,4.2
1,4.8373546489791295
1,2.1633307652783933
1,0.0
1,0.0
1,0.0
1,0.0
1,0.0
1,0.0
1,0.0
1,0.0
1,0.0
1,0.0
1,3.4985711369071804
1,0.0
1,0.0
1,0.0
1,0.0
1,0.0
1,0.0
1,0.0
1,0.0
1,0.0
1,0.0
1,0.0
1,0.0
1,3.059411708155671
1,0.0
1,1.2
1,3.0
1,3.6
1,0.0
1,0.6
1,6.029925372672534
1,0.0
1,0.0
1,3.8418745424597094
1,3.0594117081556713
1,0.0
1,0.0
1,0.0
1,0.0
1,3.059411708155671
1,5.43323108288245
1,0.6000000000000001
1,1.2000000000000002
1,0.0
1,0.0
1,0.0
1,0.0
1,1.8
1,0.5999999999999996
1,0.0
1,0.0
1,3.2310988842807027
1,0.0
1,0.0
1,4.242640687119285
1,0.0
1,1.8973665961010275
1,0.0
2,4.569463863518345
2,0.0
2,3.0
2,0.0
2,0.0
2,0.0
2,0.0
2,1.697056274847714
2,3.2310988842807027
2,0.6000000000000001
2,0.0
2,0.0
2,2.4
2,0.0
2,0.0
2,0.0
2,0.0
2,0.0
2,0.0
2,0.0
2,0.0
2,0.0
2,0.0
2,1.8
2,0.0
2,0.0
2,0.0
2,0.0
2,0.0
2,0.0
2,0.0
2,0.0
2,3.2310988842807027
2,3.6000000000000005
2,0.0
2,1.8973665961010275
2,0.0
2,0.0
2,0.0
2,0.0
2,0.0
2,0.0
2,0.0
2,0.0
2,0.0
2,0.0
2,0.0
2,0.0
2,0.0
2,2.4
2,0.0
2,0.0
2,0.0
2,0.0
2,0.0
2,1.2000000000000002
2,5.43323108288245
2,5.43323108288245
2,0.0
2,0.0
2,1.697056274847714
2,0.0
2,4.2
2,1.3416407864998738
2,1.8973665961010278
2,0.0
2,0.0
2,1.697056274847714
2,4.368065933568311
2,0.0
2,0.0
2,0.0
2,0.6000000000000001
2,0.0
2,3.5999999999999996
2,0.0
2,0.0
2,5.43323108288245
2,0.0
2,1.8
2,0.0
2,0.0
2,3.0
2,0.5999999999999999
2,0.0
2,0.0
2,0.0
2,3.4985711369071804
2,2.4000000000000004
2,0.0
2,0.0
2,0.0
2,1.8
2,0.0
2,0.0
2,0.0
2,0.0
2,0.0
2,1.697056274847714
2,0.0
2,0.0
2,0.0
2,0.0
2,0.0
2,0.0
2,5.43323108288245
2,0.0
2,0.0
2,0.0
2,0.0
2,0.0
2,2.1633307652783933
2,0.0
2,0.0
2,1.8973665961010278
2,5.1613951602255765
2,0.0
2,4.368065933568311
2,0.0
2,0.0
2,0.0
2,0.0
2,4.368065933568311
2,1.8973665961010275
2,0.0
2,0.0
2,1.2
2,0.0
2,0.0
2,0.0
2,0.0
2,0.0
2,0.0
2,5.43323108288245
2,0.0
2,0.0
2,0.0
2,0.0
2,0.0
2,0.0
2,0.0
2,0.0
2,0.0
2,0.5999999999999999
2,0.0
2,0.0
2,0.0
2,0.0
2,0.0
2,0.0
2,0.0
2,0.0
2,3.0
2,0.0
2,0.0
2,3.2310988842807027
2,1.7999999999999998
2,0.0
2,0.6000000000000001
2,0.0
2,0.5999999999999996
2,0.0
2,0.0
2,0.0
2,2.1633307652783933
2,0.0
2,0.0
2,0.0
2,0.0
2,2.1633307652783933
2,1.8
2,1.2000000000000002
2,0.0
2,0.0
2,0.0
2,0.0
2,0.0
2,1.8973665961010278
2,0.0
2,0.0
2,2.4
2,0.0
2,0.0
2,0.0
2,0.6
2,4.569463863518345
2,0.0
2,3.2310988842807027
2,0.0
2,0.0
2,0.0
2,0.0
2,0.0
2,0.0
2,0.0
2,0.0
2,0.0
2,0.0
2,0.0
2,0.0
2,0.0
2,3.8418745424597094
2,1.7999999999999998
2,0.0
2,0.0
2,0.0
2,0.0
2,5.692099788303083
2,0.0
2,0.0
2,0.0
2,1.697056274847714
2,4.8
2,3.059411708155671
2,1.8
2,5.43323108288245
2,0.6000000000000001
2,0.0
2,0.0
2,0.0
2,0.0
2,0.0
2,0.0
2,0.0
2,0.0
2,0.0
2,0.0
2,0.0
2,0.0
2,3.0
2,0.0
2,3.6
2,0.0
2,0.0
2,3.4985711369071804
2,0.0
2,2.1633307652783933
2,0.0
2,0.0
2,0.0
2,0.0
2,0.0
2,0.0
2,5.909314681077663
2,0.0
2,3.2310988842807027
2,0.0
2,0.0
2,1.8
2,0.0
2,0.0
2,4.368065933568311
2,1.8
2,0.0
2,0.0
2,0.0
2,0.0
2,0.0
2,0.0
2,0.0
2,5.126402247190518
2,0.0
2,0.0
2,0.0
2,0.0
2,0.0
2,0.0
2,0.0
2,0.0
2,0.0
2,0.0
2,0.0
2,0.0
2,0.0
2,0.0
2,0.0
2,0.0
2,0.0
2,0.0
2,0.0
2,0.0
2,0.0
2,0.0
2,0.0
2,0.0
2,0.0
2,0.0
2,0.0
2,0.0
2,0.0
2,0.0
2,0.0
2,0.6000000000000001
2,0.0
2,0.0
2,0.0
2,4.3266615305567875
2,3.5999999999999996
2,1.8
2,1.8000000000000003
2,0.0
2,3.2310988842807027
2,0.0
2,1.3416407864998738
2,0.0
2,0.0
2,4.8373546489791295
2,0.0
2,0.0
2,1.2000000000000002
2,0.0
2,0.0
2,0.0
2,0.0
2,0.0
2,2.4738633753705965
2,0.0
2,4.2
2,0.0
2,0.0
2,0.0
2,3.059411708155671
2,0.0
2,0.0
2,0.5999999999999996
2,0.0
2,1.697056274847714
2,0.0
2,0.0
2,0.0
2,0.0
2,0.0
2,0.0
2,0.0
2,0.0
2,1.697056274847714
2,0.0
2,0.0
2,0.0
2,0.0
2,0.0
2,0.0
2,0.0
2,0.0
2,0.0
2,0.0
2,0.0
2,0.0
2,0.0
2,0.0
2,3.0
2,0.0
2,0.0
2,0.0
2,3.5999999999999996
2,0.0
2,0.0
2,0.0
2,0.0
2,0.0
2,3.0
2,0.0
2,1.8973665961010273
2,3.0
2,0.0
2,3.059411708155671
2,0.6000000000000001
2,3.2310988842807027
2,0.0
2,0.0
2,0.0
2,0.0
2,0.0
2,4.8373546489791295
2,0.0
2,0.0
2,0.0
2,0.0
2,0.0
2,0.0
2,0.0
2,0.0
2,0.0
2,0.0
2,5.531726674375733
2,0.0
2,0.0
2,0.0
2,0.0
2,0.0
2,0.0
2,0.0
2,0.0
2,0.0
2,0.0
2,1.2000000000000002
2,0.0
2,0.0
2,0.0
2,0.6
2,0.0
2,1.2000000000000002
2,0.0
2,2.4
2,0.0
2,3.0
2,0.0
2,0.0
2,0.0
2,0.0
2,4.368065933568311
2,0.0
2,0.0
2,0.0
2,0.0
2,0.0
2,0.0
2,0.0
2,4.326661530556787
2,3.0
2,0.0
2,0.0
2,0.0
2,0.0
2,0.0
2,0.0
2,0.0
2,0.0
2,0.0
2,1.697056274847714
2,0.0
2,0.0
2,0.0
2,0.0
2,2.1633307652783933
2,5.692099788303083
2,0.0
2,0.0
2,0.0
2,0.0
2,0.0
2,0.0
2,2.4
2,4.5694638635183455
2,0.0
2,0.0
2,1.2
2,0.0
2,1.8000000000000003
2,0.0
2,0.0
2,0.0
2,0.0
2,0.0
2,0.0
2,0.0
2,0.0
2,0.0
2,0.0
2,0.0
2,1.7999999999999998
2,0.0
2,0.0
2,4.8373546489791295
2,0.0
2,0.0
2,1.8973665961010278
2,3.8418745424597094
2,3.2310988842807027
2,3.6496575181789317
2,0.0
2,0.0
2,0.0
2,0.0
2,0.0
2,0.0
2,0.0
2,0.0
2,0.0
2,0.0
2,1.697056274847714
2,1.8973665961010278
2,0.0
2,0.0
2,0.0
2,3.6
2,0.0
2,0.0
2,1.2000000000000002
2,0.0
2,0.0
2,0.0
2,5.43323108288245
2,0.0
2,4.8
2,0.0
2,0.0
2,3.5999999999999996
2,0.0
2,0.0
2,1.8
2,0.0
2,0.0
2,5.43323108288245
2,0.0
2,0.0
2,0.0
2,0.0
2,6.029925372672534
2,0.0
2,0.0
2,0.0
2,0.0
2,0.6
2,0.0
2,0.5999999999999996
2,0.0
2,1.697056274847714
2,0.0
2,3.4985711369071804
2,0.0
2,0.0
2,0.0
2,0.0
2,0.0
2,0.0
2,0.0
2,0.0
2,0.0
2,0.0
2,0.0
2,0.0
2,0.0
2,0.0
2,0.0
2,0.0
2,3.2310988842807027
2,0.0
2,0.0
2,0.0
2,0.0
2,0.0
2,0.0
2,1.8
2,1.697056274847714
2,3.2310988842807027
2,0.0
2,3.0
2,0.0
2,0.0
2,0.0
2,0.0
2,0.0
2,0.0
2,0.0
2,0.0
2,0.0
2,0.0
2,5.43323108288245
2,0.0
2,0.0
2,0.0
2,2.4
2,0.0
2,0.6000000000000001
2,0.0
2,3.5999999999999996
2,0.0
2,0.6
2,0.0
2,0.0
2,0.0
2,0.0
2,5.660388679233963
2,0.0
2,3.6496575181789317
2,3.6496575181789317
2,3.5999999999999996
2,0.0
2,0.0
2,0.0
2,1.8973665961010273
2,0.0
2,0.0
2,0.0
2,0.0
2,1.8
2,0.0
2,0.0
2,0.0
2,0.0
2,0.0
2,6.029925372672534
2,0.0
2,0.0
2,3.0
2,0.0
2,0.0
2,5.43323108288245
2,0.6
2,0.0
2,0.0
2,0.0
2,3.059411708155671
2,0.0
2,0.0
2,0.0
2,0.0
2,0.0
2,3.6000000000000005
2,0.0
2,0.0
2,3.4985711369071804
2,0.0
2,0.0
2,0.0
2,2.4
2,0.0
2,0.0
2,0.0
2,0.0
2,0.0
2,0.0
2,0.0
2,0.0
2,0.0
2,0.0
2,0.0
2,0.6
2,1.7999999999999998
2,0.0
2,1.697056274847714
2,0.0
2,3.059411708155671
2,0.0
2,0.0
2,0.0
2,6.0
2,0.0
2,3.059411708155671
2,0.0
2,0.0
2,0.0
2,4.8373546489791295
2,0.0
2,3.8418745424597094
2,1.7999999999999998
2,0.0
2,0.0
2,0.0
2,4.8373546489791295
2,0.0
2,3.059411708155671
2,0.0
2,0.0
2,1.8000000000000003
2,0.0
2,0.0
2,1.697056274847714
2,0.0
2,0.6000000000000001
2,0.0
2,1.8
2,0.0
2,0.0
2,3.4985711369071804
2,0.0
2,1.697056274847714
2,1.7999999999999998
2,0.0
2,0.0
2,0.0
2,0.0
2,0.0
2,0.0
2,0.0
2,0.0
2,4.024922359499622
2,0.0
2,0.0
2,0.5999999999999996
2,0.0
2,1.7999999999999998
2,0.0
2,0.0
2,0.0
2,0.0
2,0.0
2,0.0
2,0.0
2,0.0
2,0.0
2,1.8
2,2.4
2,0.0
2,0.0
2,0.0
2,0.0
2,0.0
2,0.0
2,0.0
2,0.0
2,0.0
2,0.0
2,0.0
2,0.0
2,1.3416407864998738
2,0.0
2,4.8
2,0.0
2,0.0
2,0.0
2,0.6000000000000001
2,0.0
2,0.0
2,0.0
2,0.0
2,0.0
2,3.5999999999999996
2,0.0
2,1.697056274847714
2,0.0
2,0.0
2,0.0
2,0.0
2,0.0
2,0.0
2,0.0
2,0.0
2,0.0
2,0.0
2,0.0
2,0.0
2,0.0
2,0.0
2,3.059411708155671
2,0.0
2,0.0
2,0.0
2,0.0
2,0.0
2,0.0
2,0.0
2,0.0
2,0.0
2,0.0
2,0.0
2,0.0
2,0.0
2,0.0
2,0.0
2,0.0
2,0.0
2,0.0
2,0.0
2,0.0
2,0.0
2,0.0
2,0.0
2,0.0
2,0.0
2,0.0
2,1.8
2,0.0
2,0.0
2,1.7999999999999998
2,0.6000000000000001
2,3.794733192202055
2,0.0
2,1.8973665961010278
2,0.0
2,0.0
2,0.0
2,0.0
2,0.0
2,0.0
2,0.0
2,0.0
2,0.0
2,0.6
2,0.0
2,0.0
2,0.0
2,0.0
2,0.0
2,0.0
2,0.0
2,0.0
2,0.0
2,0.0
2,1.8
2,0.0
2,0.0
2,0.0
2,0.6
2,0.0
2,0.0
2,3.5999999999999996
2,3.6496575181789317
2,0.0
2,0.0
2,0.0
2,0.0
2,0.0
2,0.0
2,0.0
2,0.0
2,0.0
2,0.0
2,3.2310988842807027
2,0.0
2,0.0
2,0.0
2,0.0
2,3.5999999999999996
2,0.0
2,0.0
2,0.0
2,3.0
2,0.0
2,0.0
2,2.4
2,0.0
2,0.0
2,0.0
2,0.0
2,0.0
2,0.0
2,0.0
2,0.0
2,0.0
2,0.0
2,1.2000000000000002
2,0.0
2,5.4
2,0.0
2,0.0
2,4.024922359499622
2,0.0
2,0.0
2,0.0
2,0.0
2,0.0
2,0.0
2,0.0
2,0.0
2,0.0
2,0.0
2,1.8
2,0.0
2,0.0
2,0.0
2,0.5999999999999996
2,0.0
2,0.0
2,0.0
2,0.0
2,0.0
2,0.0
2,0.0
2,0.0
2,0.0
2,0.6000000000000001
2,0.0
2,3.059411708155671
2,0.0
2,0.0
2,0.0
2,0.0
2,0.0
2,0.0
2,0.0
2,0.0
2,1.8000000000000003
2,0.0
2,0.0
2,3.2310988842807027
2,0.5999999999999996
2,3.4985711369071804
2,0.0
2,1.2000000000000002
2,0.0
2,0.0
2,5.43323108288245
2,0.0
2,0.6
2,0.0
2,0.0
2,0.0
2,0.0
2,0.0
2,3.2310988842807027
2,0.0
2,0.0
2,0.0
2,0.0
2,0.0
2,1.2000000000000002
2,0.0
2,0.0
2,0.0
2,0.0
2,0.0
2,5.43323108288245
2,0.0
2,0.0
2,0.6000000000000001
2,0.0
2,3.0
2,5.909314681077663
2,0.0
2,3.0
2,0.0
2,0.0
2,0.0
2,0.0
2,0.6000000000000001
2,0.0
2,5.43323108288245
2,1.2000000000000002
2,0.0
2,0.0
2,0.0
2,0.0
2,0.0
2,0.0
2,0.0
2,0.0
2,1.7999999999999998
2,0.0
2,0.0
2,6.26418390534633
2,0.0
2,5.126402247190518
2,0.0
2,0.0
2,1.3416407864998738
2,0.0
2,2.1633307652783933
2,0.0
2,2.473863375370596
2,6.029925372672534
2,0.6000000000000001
2,0.0
2,0.0
2,0.0
2,0.0
2,1.8
2,6.26418390534633
2,0.0
2,3.2310988842807027
2,0.0
2,1.2000000000000002
2,6.029925372672534
2,0.0
2,0.0
2,1.8000000000000003
2,0.0
2,0.0
2,0.0
2,0.0
2,0.0
2,0.0
2,0.0
2,1.2000000000000002
2,4.686149805543993
2,0.0
2,0.0
2,0.0
2,0.6
2,0.0
2,0.0
2,0.0
2,0.0
2,0.0
2,2.1633307652783933
2,0.0
2,0.0
2,1.3416407864998738
2,0.0
2,1.8973665961010275
2,0.0
2,1.8000000000000003
2,0.0
2,0.0
2,1.3416407864998738
2,3.2310988842807022
2,0.0
2,0.0
2,0.0
2,0.0
2,0.6000000000000001
2,0.0
2,0.0
2,2.473863375370596
2,4.947726750741193
2,0.6000000000000001
2,6.708203932499369
2,0.0
2,0.0
2,0.0
2,0.0
2,5.43323108288245
2,0.0
2,0.0
2,3.5999999999999996
2,0.0
2,1.3416407864998738
2,0.0
2,1.8000000000000003
2,0.0
2,0.0
2,3.2310988842807022
2,0.0
2,0.0
2,1.2000000000000002
2,0.0
2,0.0
2,0.0
2,0.0
2,0.6
2,0.0
2,0.0
2,0.0
2,5.126402247190518
2,0.0
2,0.0
2,0.0
2,0.0
2,0.5999999999999996
2,0.0
2,3.49857113690718
2,3.2310988842807027
2,1.697056274847714
2,0.0
2,0.0
2,0.0
2,0.0
2,0.0
2,0.0
2,0.0
2,0.0
2,0.0
2,0.0
2,0.0
2,0.0
2,1.8973665961010278
2,0.0
2,4.2
2,0.0
2,0.0
2,0.0
2,0.0
2,0.0
2,2.473863375370596
2,1.2
2,3.0
2,0.5999999999999996
2,0.0
2,0.6000000000000001
2,0.0
2,5.4
2,0.6
2,0.0
2,5.692099788303083
2,1.8
2,0.6
2,0.0
2,0.0
2,0.0
2,0.0
2,0.0
2,0.0
2,0.0
2,0.0
2,0.0
2,0.0
2,0.0
2,0.0
2,0.0
2,2.1633307652783933
2,0.0
2,6.177378084592201
2,0.0
2,0.0
2,0.0
2,0.0
2,0.0
2,0.0
2,0.0
2,1.3416407864998738
2,1.697056274847714
2,0.0
2,0.0
2,0.0
2,3.0
2,0.0
2,0.0
2,0.0
2,0.0
2,0.0
2,0.0
2,0.0
2,0.0
2,0.0
2,0.6000000000000001
2,1.7999999999999998
2,0.0
2,0.0
2,0.0
2,4.8373546489791295
2,0.0
2,0.0
2,0.0
2,0.0
2,0.0
2,0.0
2,0.0
2,0.0
2,3.0
2,0.0
2,0.0
2,0.0
2,0.0
2,0.0
2,0.0
2,0.0
2,0.0
2,0.0
2,0.0
2,0.0
2,3.2310988842807022
2,0.0
2,0.0
2,0.0
2,0.0
2,4.368065933568311
2,0.0
2,4.368065933568311
2,0.0
2,0.6000000000000001
2,0.0
2,0.0
2,0.0
2,0.0
2,0.0
2,3.059411708155671
2,0.0
2,0.0
2,0.0
2,0.0
2,0.0
2,1.3416407864998738
2,0.0
2,0.5999999999999996
2,0.0
2,0.0
2,0.0
2,0.0
2,3.6000000000000005
2,3.794733192202055
2,0.0
2,0.0
2,0.0
2,0.0
2,0.0
2,0.0
2,0.0
2,0.0
2,0.0
2,0.0
2,0.0
2,0.0
2,0.0
2,0.0
2,0.0
2,0.0
2,0.0
2,1.8
2,0.0
2,0.0
2,0.0
2,1.3416407864998738
2,0.0
2,0.6000000000000001
2,4.8373546489791295
2,0.0
2,0.0
2,0.0
2,0.0
2,0.0
2,0.0
2,0.0
2,0.0
2,0.0
2,0.0
2,0.0
2,0.0
2,0.0
2,0.0
2,0.0
2,0.6
2,0.0
2,0.0
2,0.0
2,0.0
2,0.0
2,1.2000000000000002
2,3.5999999999999996
2,0.0
2,0.0
2,0.0
2,0.0
2,0.0
2,3.059411708155671
2,0.0
2,0.0
2,0.0
2,0.0
2,2.4
2,0.0
2,0.0
2,2.1633307652783933
2,3.0
2,0.0
2,0.0
2,0.0
2,0.0
2,0.0
2,3.0
2,0.0
2,3.5999999999999996
2,0.0
2,0.0
2,4.368065933568311
2,3.6496575181789317
2,0.8485281374238569
2,0.0
2,3.8418745424597094
2,0.0
2,0.6000000000000001
2,0.0
2,0.0
2,0.0
2,0.0
2,0.0
2,0.0
2,0.0
2,0.0
2,0.0
2,0.0
2,0.0
2,0.0
2,0.0
2,0.0
2,0.0
2,3.2310988842807027
2,0.0
2,0.0
2,0.0
2,0.6000000000000001
2,0.0
2,0.0
2,0.0
2,0.0
2,2.545584412271571
2,5.43323108288245
2,0.0
2,4.242640687119285
2,0.0
2,2.4
2,0.0
2,0.0
2,5.43323108288245
2,0.0
2,0.0
2,0.6
2,0.0
2,0.0
2,1.2
2,0.0
2,0.0
2,1.8973665961010273
2,0.0
2,3.059411708155671
2,0.0
2,0.0
2,3.2310988842807027
2,1.1999999999999997
2,0.0
2,0.0
2,0.0
2,0.0
2,0.5999999999999996
2,0.0
2,2.4
2,6.997142273814361
2,3.6496575181789317
2,0.0
2,0.0
2,0.0
2,6.4621977685614045
2,0.0
2,0.0
2,0.0
2,0.0
2,0.0
2,0.0
2,2.4000000000000004
2,0.0
2,0.0
2,0.0
2,0.0
2,0.0
2,0.6000000000000001
2,0.0
2,0.0
2,0.0
2,0.0
2,0.0
2,5.43323108288245
2,0.0
2,3.4985711369071804
2,0.0
2,0.0
2,4.2
2,1.8
2,0.0
2,0.6000000000000001
2,0.0
2,0.0
2,2.4
2,1.3416407864998738
2,0.0
2,0.0
2,0.0
2,0.0
2,0.6000000000000001
2,0.0
2,0.0
2,0.0
2,0.0
2,0.0
2,0.0
2,0.0
2,0.0
2,0.0
2,0.0
2,0.0
2,0.0
2,0.0
2,4.8373546489791295
2,0.0
2,0.0
2,0.0
2,0.0
2,0.0
2,3.5999999999999996
2,0.0
2,0.0
2,0.0
2,0.0
2,0.0
2,0.0
2,3.5999999999999996
2,0.0
2,3.6496575181789317
2,0.0
2,2.1633307652783933
2,0.6000000000000001
2,0.0
2,1.7999999999999998
2,0.0
2,0.0
2,1.8973665961010278
2,5.43323108288245
2,0.0
2,0.0
2,0.0
2,2.1633307652783933
2,0.0
2,0.0
2,0.0
2,3.0
2,0.0
2,0.0
2,6.118823416311342
2,0.6000000000000001
2,0.0
2,0.6000000000000001
2,0.0
2,0.0
2,0.0
2,2.545584412271571
2,1.8
2,0.0
2,0.0
2,3.6496575181789317
2,0.6000000000000001
2,3.6
2,0.0
2,0.0
2,0.0
2,0.0
2,0.0
2,5.660388679233963
2,0.0
2,0.0
2,0.0
2,3.6496575181789317
2,0.0
2,0.0
2,0.0
2,0.0
2,1.697056274847714
2,0.0
2,0.0
2,1.2000000000000002
2,0.5999999999999996
2,0.0
2,0.0
2,0.0
2,0.0
2,0.0
2,1.3416407864998738
2,0.0
2,5.43323108288245
2,0.0
2,0.0
2,3.059411708155671
2,3.0
2,0.0
2,0.0
2,4.242640687119285
2,0.0
2,0.0
2,0.0
2,0.0
2,0.0
2,0.0
2,0.0
2,0.0
2,0.0
2,0.0
2,0.0
2,3.2310988842807027
2,0.0
2,0.0
2,0.0
2,0.0
2,0.0
2,2.4
2,0.0
2,0.0
2,0.0
2,0.0
2,0.0
2,0.0
2,1.2
2,0.0
2,0.0
2,5.43323108288245
2,1.8
2,0.0
2,0.0
2,0.6000000000000001
2,2.1633307652783933
2,0.6
2,1.2
2,0.0
2,0.0
2,0.0
2,0.0
2,4.368065933568311
2,0.0
2,1.697056274847714
2,0.0
2,0.0
2,0.0
2,0.0
2,0.0
2,0.0
2,0.0
2,0.0
2,0.0
2,0.0
2,0.0
2,0.0
2,0.0
2,0.0
2,0.0
2,0.0
2,0.0
2,0.0
2,0.0
2,0.0
2,0.0
2,0.0
2,0.0
2,0.0
2,0.0
2,0.0
2,0.0
2,0.0
2,0.0
2,0.0
2,0.0
2,0.0
2,0.0
2,0.0
2,0.0
2,0.0
2,0.0
2,3.49857113690718
2,3.0
2,0.0
2,0.0
2,0.0
2,0.0
2,0.0
2,0.0
2,0.0
2,0.0
2,0.0
2,0.0
2,2.4000000000000004
2,1.697056274847714
2,0.0
2,0.0
2,0.5999999999999996
2,5.1613951602255765
2,0.0
2,0.0
2,0.0
2,0.0
2,0.0
2,0.0
2,1.2000000000000002
2,0.0
2,0.0
2,1.2000000000000002
2,0.0
2,0.0
2,0.0
2,0.0
2,0.0
2,0.0
2,5.43323108288245
2,0.0
2,0.0
2,0.0
2,3.8418745424597094
2,0.0
2,0.0
2,0.6000000000000001
2,0.0
2,0.0
2,0.6
2,1.8
2,5.43323108288245
2,0.0
2,1.8
2,0.6000000000000005
2,0.0
2,5.43323108288245
2,0.0
2,0.0
2,0.0
2,0.0
2,0.0
2,0.0
2,0.0
2,0.0
2,0.0
2,0.0
2,0.0
2,0.0
2,0.0
2,0.6000000000000001
2,0.0
2,0.0
2,0.0
2,0.0
2,0.0
2,0.0
2,0.0
2,0.0
2,0.0
2,2.4
2,0.0
2,0.0
2,0.0
2,1.8
2,0.0
2,4.368065933568311
2,0.0
2,0.0
2,0.0
2,0.0
2,0.0
2,1.7999999999999998
2,0.0
2,1.2000000000000002
2,0.0
2,0.0
2,0.0
2,0.0
2,2.4000000000000004
2,1.2000000000000002
2,0.0
2,0.0
2,0.0
2,0.0
2,0.0
2,1.7999999999999998
2,0.0
2,0.0
2,0.5999999999999999
2,0.0
2,1.3416407864998738
2,0.0
2,0.0
2,0.0
2,0.0
2,0.0
2,2.4
2,0.0
2,0.0
2,0.0
2,0.0
2,5.1613951602255765
2,0.0
2,0.0
2,0.0
2,0.0
2,0.0
2,0.0
2,0.0
2,0.0
2,0.0
2,1.697056274847714
2,0.0
2,0.0
2,0.0
2,0.0
2,0.0
2,0.0
2,0.6000000000000001
2,0.0
2,0.0
2,0.0
2,0.0
2,3.5999999999999996
2,0.0
2,0.0
2,1.697056274847714
2,0.0
2,0.0
2,0.0
2,0.0
2,4.242640687119285
2,0.0
2,1.7999999999999998
2,0.0
2,0.0
2,2.4
2,0.0
2,1.8000000000000003
2,0.0
2,0.0
2,0.0
2,0.0
2,0.0
2,0.0
2,0.0
2,0.0
2,0.0
2,0.0
2,0.0
2,0.0
2,0.6
2,0.0
2,0.0
2,0.0
2,0.0
2,0.0
2,0.0
2,0.0
2,0.0
2,0.0
2,0.0
2,0.0
2,1.697056274847714
2,0.0
2,0.0
2,0.0
2,0.0
2,0.0
2,1.7999999999999998
2,0.0
2,0.0
2,3.4985711369071804
2,0.0
2,3.2310988842807027
2,0.0
2,0.0
2,0.0
2,0.0
2,0.0
2,3.8418745424597094
2,0.0
2,0.6000000000000001
2,0.0
2,1.8973665961010275
2,0.0
2,0.0
2,0.0
2,0.6000000000000001
2,0.0
2,1.8
2,3.6
2,1.8
2,0.0
2,3.0
2,0.0
2,0.0
2,0.0
2,0.0
2,0.6000000000000001
2,1.7999999999999998
2,0.0
2,0.0
2,3.059411708155671
2,0.0
2,0.0
2,0.0
2,0.0
2,0.0
2,0.0
2,0.0
2,0.0
2,0.0
2,0.0
2,0.0
2,0.0
2,0.0
2,3.059411708155671
2,0.0
2,0.0
2,0.0
2,4.569463863518345
2,0.0
2,0.0
2,0.0
2,3.2310988842807027
2,0.0
2,0.0
2,0.0
2,0.0
2,0.0
2,0.0
2,0.5999999999999999
2,0.0
2,0.0
2,0.6
2,0.0
2,0.0
2,3.2310988842807027
2,0.0
2,5.692099788303083
2,0.0
2,1.8
2,1.8
2,0.0
2,0.0
2,0.6000000000000001
2,0.0
2,4.2
2,4.8373546489791295
2,0.0
2,0.0
2,0.0
2,1.697056274847714
2,0.6000000000000001
2,0.0
2,0.0
2,2.4
2,3.4985711369071804
2,5.43323108288245
2,0.0
2,0.0
2,0.0
2,0.0
2,0.0
2,0.0
2,0.0
2,0.0
2,0.0
2,0.0
2,0.6000000000000001
2,0.0
2,1.8
2,3.2310988842807022
2,0.0
2,0.0
2,0.0
2,0.0
2,0.0
2,0.5999999999999996
2,0.0
2,0.0
2,0.0
2,4.8373546489791295
2,0.0
2,0.0
2,0.0
2,0.0
2,0.0
2,0.0
2,0.0
2,0.0
2,0.0
2,0.0
2,0.0
2,3.2310988842807027
2,0.0
2,0.0
2,0.0
2,1.341640786499874
2,2.1633307652783933
2,0.0
2,0.0
2,0.0
2,0.0
2,4.242640687119285
2,0.0
2,0.0
2,6.0
2,2.4
2,0.0
2,0.0
2,0.0
2,0.0
2,0.0
2,0.0
2,0.0
2,1.8
2,0.0
2,4.8
2,0.0
2,5.43323108288245
2,0.6000000000000001
2,0.0
2,0.6000000000000001
2,0.0
2,2.1633307652783933
2,1.8
2,0.0
2,0.0
2,0.0
2,0.0
2,3.0
2,3.2310988842807027
2,1.8
2,0.0
2,0.0
2,0.0
2,3.4985711369071804
2,0.0
2,0.0
2,0.0
2,0.0
2,0.0
2,3.2310988842807022
2,0.0
2,0.0
2,3.5999999999999996
2,0.0
2,0.0
2,0.0
2,0.0
2,0.0
2,0.0
2,0.0
2,0.0
2,0.0
2,1.8973665961010275
2,0.0
2,0.0
2,0.0
2,0.0
2,0.0
2,1.7999999999999998
2,0.0
2,0.0
2,0.0
2,0.6000000000000001
2,0.0
2,4.8373546489791295
2,0.0
2,0.0
2,0.0
2,0.0
2,0.0
2,0.0
2,4.8373546489791295
2,3.2310988842807027
2,0.0
2,0.0
2,0.0
2,0.0
2,0.0
2,0.0
2,0.0
2,0.0
2,0.0
2,0.0
2,3.4985711369071804
2,0.0
2,0.0
2,0.0
2,0.0
2,0.6000000000000001
2,0.0
2,0.0
2,0.0
2,0.0
2,0.0
2,0.0
2,0.0
2,3.059411708155671
2,0.0
2,1.2
2,3.0
2,4.2
2,0.0
2,0.6
2,6.029925372672534
2,0.0
2,0.0
2,3.059411708155671
2,2.6832815729997477
2,0.0
2,0.0
2,0.0
2,0.0
2,3.059411708155671
2,0.0
2,0.6000000000000001
2,1.2000000000000002
2,0.0
2,0.0
2,1.8
2,0.0
2,1.8
2,6.0
2,0.0
2,0.0
2,3.2310988842807027
2,0.0
2,0.0
2,4.242640687119285
2,0.0
2,1.8973665961010275
2,0.0
3,4.569463863518345
3,0.0
3,3.0
3,1.2000000000000002
3,0.0
3,0.0
3,0.0
3,1.697056274847714
3,0.0
3,0.0
3,0.0
3,0.0
3,2.4
3,0.0
3,0.0
3,0.0
3,0.0
3,0.0
3,1.697056274847714
3,0.0
3,0.0
3,0.0
3,3.5999999999999996
3,1.2
3,0.0
3,0.0
3,0.0
3,0.0
3,0.0
3,0.0
3,0.0
3,0.0
3,0.0
3,3.6000000000000005
3,0.0
3,1.8973665961010275
3,0.0
3,0.0
3,0.0
3,0.0
3,0.0
3,3.5999999999999996
3,0.0
3,0.0
3,0.0
3,0.0
3,0.0
3,0.0
3,0.0
3,5.1613951602255765
3,0.0
3,0.0
3,0.0
3,1.7999999999999998
3,0.0
3,0.0
3,0.0
3,0.0
3,0.0
3,0.0
3,1.697056274847714
3,0.0
3,5.43323108288245
3,0.0
3,1.8973665961010278
3,0.0
3,0.0
3,1.697056274847714
3,0.0
3,0.0
3,0.0
3,0.0
3,0.0
3,0.0
3,3.5999999999999996
3,0.0
3,0.0
3,0.0
3,0.0
3,1.8
3,0.0
3,0.0
3,3.0
3,0.5999999999999999
3,0.0
3,0.0
3,0.0
3,3.4985711369071804
3,2.4000000000000004
3,0.0
3,0.0
3,0.0
3,1.8
3,0.0
3,0.0
3,0.0
3,0.0
3,0.0
3,0.0
3,0.0
3,1.2000000000000002
3,0.0
3,0.0
3,0.0
3,0.0
3,0.0
3,0.0
3,0.0
3,0.0
3,0.0
3,0.0
3,2.1633307652783933
3,0.0
3,5.43323108288245
3,1.8973665961010278
3,0.0
3,0.0
3,3.49857113690718
3,0.0
3,0.0
3,0.0
3,0.0
3,4.368065933568311
3,1.8973665961010275
3,0.0
3,0.0
3,0.0
3,0.0
3,0.0
3,0.0
3,0.0
3,0.0
3,0.0
3,5.43323108288245
3,0.0
3,0.0
3,0.0
3,0.0
3,0.0
3,0.0
3,0.0
3,0.0
3,0.0
3,0.5999999999999999
3,0.0
3,0.0
3,0.0
3,0.0
3,0.0
3,0.0
3,0.0
3,0.0
3,0.0
3,0.0
3,0.0
3,0.0
3,1.8000000000000003
3,0.0
3,0.6000000000000001
3,0.0
3,0.5999999999999996
3,0.0
3,0.0
3,0.0
3,2.1633307652783933
3,0.0
3,0.0
3,1.7999999999999998
3,1.697056274847714
3,2.1633307652783933
3,0.0
3,0.0
3,0.0
3,0.0
3,0.0
3,0.0
3,0.0
3,1.8973665961010278
3,0.0
3,3.0
3,2.4
3,0.0
3,0.0
3,0.0
3,0.6
3,5.692099788303083
3,0.0
3,3.2310988842807027
3,0.0
3,0.0
3,0.0
3,0.0
3,2.4
3,0.0
3,0.0
3,0.0
3,0.0
3,0.0
3,0.0
3,0.0
3,0.0
3,3.8418745424597094
3,1.7999999999999998
3,0.0
3,0.0
3,0.0
3,0.0
3,1.2000000000000002
3,0.0
3,0.0
3,0.0
3,1.697056274847714
3,0.0
3,0.0
3,0.0
3,4.2
3,0.6000000000000001
3,0.0
3,0.0
3,0.0
3,0.0
3,0.0
3,0.0
3,0.0
3,0.0
3,0.0
3,0.0
3,0.0
3,0.0
3,3.0
3,0.0
3,3.6
3,0.0
3,0.0
3,3.4985711369071804
3,0.0
3,2.1633307652783933
3,0.0
3,0.0
3,3.5999999999999996
3,0.0
3,1.7999999999999998
3,0.0
3,5.909314681077663
3,0.0
3,3.2310988842807027
3,0.0
3,0.0
3,1.8
3,0.0
3,0.0
3,0.0
3,0.0
3,0.0
3,0.0
3,0.0
3,0.0
3,0.0
3,0.0
3,0.0
3,5.126402247190518
3,0.0
3,0.0
3,3.4985711369071804
3,0.0
3,0.0
3,0.0
3,3.5999999999999996
3,0.0
3,0.0
3,0.0
3,0.0
3,0.0
3,0.0
3,0.0
3,0.0
3,0.0
3,1.2000000000000002
3,0.0
3,0.0
3,0.0
3,0.0
3,0.0
3,0.0
3,0.0
3,0.0
3,0.0
3,0.0
3,0.0
3,0.0
3,0.0
3,0.0
3,3.394112549695428
3,0.0
3,0.0
3,0.0
3,1.8000000000000003
3,3.5999999999999996
3,1.8
3,1.8000000000000003
3,0.0
3,0.0
3,0.0
3,1.3416407864998738
3,1.7999999999999998
3,0.0
3,4.8373546489791295
3,0.0
3,0.0
3,1.2000000000000002
3,0.0
3,0.0
3,0.0
3,0.0
3,0.0
3,1.8973665961010275
3,0.0
3,4.2
3,0.0
3,0.0
3,0.0
3,3.059411708155671
3,0.0
3,0.0
3,0.5999999999999996
3,0.0
3,0.0
3,1.7999999999999998
3,0.0
3,0.0
3,0.0
3,0.0
3,0.0
3,0.0
3,0.0
3,1.697056274847714
3,0.0
3,0.0
3,0.0
3,0.0
3,0.0
3,0.0
3,0.0
3,0.0
3,0.0
3,0.0
3,0.0
3,0.0
3,0.0
3,0.0
3,3.0
3,0.0
3,0.0
3,0.0
3,3.5999999999999996
3,0.0
3,0.0
3,0.0
3,0.0
3,0.0
3,3.2310988842807027
3,0.0
3,0.0
3,1.8
3,0.0
3,0.0
3,0.6000000000000001
3,0.0
3,0.0
3,0.0
3,0.0
3,0.0
3,0.0
3,4.8373546489791295
3,0.0
3,0.0
3,0.0
3,0.0
3,0.0
3,0.0
3,0.0
3,0.0
3,0.0
3,0.0
3,5.531726674375733
3,0.0
3,0.0
3,0.0
3,0.0
3,0.0
3,0.0
3,0.0
3,0.0
3,0.0
3,0.0
3,1.2000000000000002
3,0.0
3,0.0
3,0.0
3,0.0
3,0.0
3,0.5999999999999999
3,0.0
3,2.4
3,0.0
3,3.0
3,0.0
3,0.0
3,0.0
3,0.0
3,4.368065933568311
3,0.0
3,0.0
3,0.0
3,0.0
3,0.0
3,0.0
3,0.0
3,4.326661530556787
3,3.6
3,5.43323108288245
3,0.0
3,0.0
3,0.0
3,0.0
3,0.0
3,0.0
3,0.0
3,0.0
3,0.6000000000000001
3,0.6000000000000001
3,0.0
3,0.0
3,0.0
3,2.1633307652783933
3,1.2000000000000002
3,0.0
3,0.0
3,0.0
3,0.0
3,1.8
3,0.0
3,2.4
3,0.0
3,0.0
3,0.0
3,1.2
3,0.0
3,1.8000000000000003
3,0.0
3,0.0
3,0.0
3,0.0
3,0.0
3,0.0
3,0.0
3,0.0
3,0.0
3,0.0
3,0.0
3,1.7999999999999998
3,0.0
3,0.0
3,4.8373546489791295
3,0.0
3,0.0
3,1.8973665961010278
3,3.8418745424597094
3,0.0
3,3.6496575181789317
3,0.0
3,0.0
3,0.0
3,0.0
3,0.0
3,0.0
3,0.0
3,0.0
3,0.0
3,0.0
3,1.697056274847714
3,1.8973665961010278
3,0.0
3,0.0
3,0.0
3,5.43323108288245
3,0.0
3,3.2310988842807022
3,1.2000000000000002
3,0.0
3,0.0
3,0.0
3,5.43323108288245
3,0.0
3,4.8
3,0.0
3,0.0
3,3.5999999999999996
3,0.0
3,0.0
3,1.8
3,0.0
3,1.7999999999999998
3,0.0
3,0.0
3,0.0
3,0.0
3,0.0
3,6.0
3,1.2000000000000002
3,0.0
3,0.0
3,0.0
3,0.0
3,0.0
3,0.5999999999999996
3,0.0
3,1.697056274847714
3,0.0
3,3.4985711369071804
3,0.0
3,0.0
3,0.0
3,0.0
3,0.0
3,0.0
3,0.0
3,0.0
3,0.0
3,0.0
3,0.0
3,3.5999999999999996
3,0.0
3,0.0
3,0.0
3,0.0
3,0.0
3,0.0
3,0.0
3,0.0
3,5.43323108288245
3,0.0
3,0.0
3,1.8
3,0.0
3,0.0
3,0.0
3,3.0
3,0.0
3,0.0
3,0.0
3,0.0
3,0.0
3,2.4
3,0.0
3,0.0
3,0.0
3,0.0
3,0.0
3,0.0
3,0.0
3,0.0
3,2.4
3,2.4
3,0.0
3,0.0
3,3.5999999999999996
3,0.0
3,0.6
3,0.0
3,0.0
3,0.0
3,0.0
3,5.660388679233963
3,0.0
3,3.6496575181789317
3,3.6496575181789317
3,3.5999999999999996
3,0.0
3,0.0
3,1.2000000000000002
3,1.8973665961010273
3,0.0
3,0.0
3,0.0
3,0.0
3,1.8
3,0.0
3,0.0
3,0.0
3,0.0
3,0.0
3,4.368065933568311
3,0.5999999999999996
3,0.0
3,4.686149805543993
3,0.0
3,0.0
3,5.43323108288245
3,0.6
3,0.0
3,0.0
3,0.0
3,3.059411708155671
3,0.0
3,0.0
3,0.0
3,0.0
3,0.0
3,1.8000000000000003
3,0.0
3,0.0
3,3.4985711369071804
3,0.0
3,0.0
3,0.0
3,2.4
3,0.0
3,0.0
3,0.0
3,0.0
3,0.0
3,0.0
3,0.0
3,0.0
3,0.0
3,0.0
3,0.0
3,0.6
3,1.7999999999999998
3,1.8
3,2.1633307652783933
3,0.0
3,1.2000000000000002
3,0.0
3,0.0
3,0.0
3,0.5999999999999996
3,0.0
3,3.059411708155671
3,0.0
3,0.0
3,0.0
3,4.8373546489791295
3,0.0
3,5.43323108288245
3,1.7999999999999998
3,0.0
3,0.0
3,0.0
3,4.8373546489791295
3,0.0
3,0.0
3,0.0
3,0.0
3,1.8000000000000003
3,0.0
3,5.43323108288245
3,1.697056274847714
3,0.0
3,0.0
3,0.0
3,0.0
3,0.0
3,0.0
3,3.4985711369071804
3,0.0
3,1.697056274847714
3,0.0
3,0.0
3,0.0
3,0.0
3,0.0
3,0.0
3,0.0
3,0.0
3,0.0
3,1.2
3,0.0
3,0.0
3,0.5999999999999996
3,0.0
3,1.7999999999999998
3,0.0
3,0.0
3,0.0
3,0.0
3,0.0
3,0.0
3,0.0
3,0.0
3,0.0
3,1.8
3,2.4
3,0.0
3,0.0
3,0.0
3,0.0
3,0.0
3,0.0
3,0.0
3,0.0
3,0.6
3,0.0
3,0.0
3,3.4985711369071804
3,1.3416407864998738
3,0.0
3,4.8
3,0.0
3,0.0
3,0.0
3,0.6000000000000001
3,0.0
3,0.0
3,0.0
3,0.0
3,3.5999999999999996
3,3.5999999999999996
3,0.0
3,0.0
3,0.0
3,0.0
3,0.0
3,3.5999999999999996
3,0.0
3,0.0
3,0.0
3,0.0
3,0.0
3,0.0
3,0.0
3,0.0
3,0.0
3,0.0
3,3.059411708155671
3,0.0
3,0.0
3,0.0
3,0.0
3,1.697056274847714
3,0.0
3,0.0
3,0.0
3,0.0
3,0.0
3,0.0
3,0.0
3,0.0
3,0.0
3,0.0
3,0.0
3,0.6000000000000001
3,3.5999999999999996
3,0.0
3,0.0
3,0.0
3,1.7999999999999998
3,0.0
3,0.5999999999999996
3,0.0
3,6.841052550594828
3,1.8
3,0.0
3,0.0
3,1.7999999999999998
3,0.0
3,3.794733192202055
3,3.0
3,1.8973665961010278
3,0.0
3,0.0
3,0.0
3,0.0
3,0.0
3,0.0
3,0.0
3,0.0
3,0.0
3,0.0
3,0.0
3,0.0
3,0.0
3,0.0
3,0.0
3,0.0
3,0.0
3,0.0
3,0.6000000000000001
3,0.0
3,1.8
3,0.0
3,0.0
3,0.0
3,0.6
3,0.0
3,0.0
3,3.5999999999999996
3,3.6496575181789317
3,0.0
3,0.0
3,0.0
3,0.0
3,0.0
3,0.0
3,0.0
3,0.0
3,0.0
3,0.0
3,0.0
3,0.0
3,0.0
3,0.0
3,0.0
3,3.5999999999999996
3,0.0
3,0.0
3,0.0
3,0.0
3,0.0
3,0.0
3,2.4
3,0.0
3,0.0
3,0.0
3,0.0
3,0.0
3,0.0
3,0.0
3,0.0
3,0.0
3,0.0
3,1.2000000000000002
3,0.0
3,5.4
3,0.0
3,0.0
3,1.2
3,0.0
3,5.43323108288245
3,5.43323108288245
3,0.0
3,0.0
3,0.0
3,0.0
3,0.0
3,0.0
3,3.4985711369071804
3,1.8
3,0.0
3,0.0
3,0.0
3,0.5999999999999996
3,0.0
3,0.0
3,0.0
3,0.0
3,0.0
3,0.0
3,0.0
3,0.0
3,0.0
3,0.6000000000000001
3,0.0
3,3.059411708155671
3,0.0
3,0.0
3,0.0
3,0.0
3,0.0
3,5.43323108288245
3,0.0
3,0.0
3,1.8000000000000003
3,0.0
3,0.0
3,3.2310988842807027
3,0.0
3,3.4985711369071804
3,0.0
3,1.2000000000000002
3,0.0
3,0.0
3,0.0
3,0.0
3,0.0
3,0.0
3,0.0
3,0.0
3,0.0
3,0.0
3,3.2310988842807027
3,0.0
3,0.0
3,0.0
3,0.0
3,0.0
3,1.2000000000000002
3,0.0
3,3.2310988842807022
3,0.0
3,0.0
3,0.0
3,0.0
3,5.43323108288245
3,0.0
3,0.0
3,0.0
3,0.0
3,4.686149805543993
3,0.0
3,0.0
3,0.0
3,0.0
3,0.0
3,0.0
3,0.6000000000000001
3,0.0
3,5.43323108288245
3,0.0
3,0.0
3,0.0
3,0.0
3,2.4
3,0.0
3,0.0
3,0.0
3,0.0
3,0.0
3,0.0
3,0.0
3,4.8373546489791295
3,0.0
3,5.126402247190518
3,0.0
3,0.0
3,1.3416407864998738
3,0.0
3,0.0
3,0.0
3,2.473863375370596
3,4.368065933568311
3,0.6000000000000001
3,0.0
3,0.0
3,0.0
3,0.0
3,1.8
3,4.8373546489791295
3,0.0
3,3.2310988842807027
3,0.0
3,0.0
3,6.118823416311342
3,1.8973665961010273
3,0.0
3,1.7999999999999998
3,0.0
3,0.0
3,0.0
3,0.0
3,0.0
3,0.0
3,0.0
3,3.49857113690718
3,4.686149805543993
3,0.0
3,0.0
3,1.2000000000000002
3,0.6
3,3.5999999999999996
3,0.0
3,0.0
3,0.0
3,0.0
3,2.1633307652783933
3,3.2310988842807027
3,0.0
3,1.3416407864998738
3,0.0
3,1.8973665961010275
3,0.0
3,1.8000000000000003
3,1.7999999999999998
3,0.0
3,0.0
3,3.2310988842807022
3,0.0
3,0.0
3,0.0
3,0.0
3,0.0
3,0.0
3,0.0
3,2.473863375370596
3,0.0
3,0.0
3,1.7999999999999998
3,0.0
3,0.0
3,0.0
3,0.0
3,0.0
3,0.0
3,0.0
3,3.5999999999999996
3,0.0
3,1.3416407864998738
3,1.2000000000000002
3,1.8000000000000003
3,0.0
3,0.0
3,3.2310988842807022
3,0.0
3,0.0
3,0.0
3,0.0
3,0.0
3,0.0
3,0.0
3,0.6
3,0.0
3,0.0
3,0.0
3,2.4
3,0.0
3,0.0
3,0.0
3,0.0
3,0.5999999999999996
3,0.0
3,3.49857113690718
3,3.2310988842807027
3,1.697056274847714
3,0.0
3,0.0
3,0.0
3,0.0
3,0.0
3,0.0
3,3.4985711369071804
3,0.0
3,0.0
3,0.0
3,0.0
3,5.43323108288245
3,1.8973665961010278
3,0.0
3,4.2
3,0.0
3,0.0
3,0.0
3,0.0
3,3.4985711369071804
3,2.473863375370596
3,1.2
3,0.0
3,0.5999999999999996
3,4.242640687119285
3,0.6000000000000001
3,0.0
3,5.4
3,0.0
3,0.0
3,1.2000000000000002
3,1.8
3,0.6
3,3.5999999999999996
3,0.0
3,0.0
3,0.0
3,0.0
3,0.0
3,0.0
3,0.0
3,0.0
3,0.0
3,0.0
3,0.0
3,0.0
3,0.0
3,0.0
3,6.177378084592201
3,0.0
3,0.0
3,0.0
3,0.0
3,0.0
3,0.0
3,0.0
3,1.3416407864998738
3,1.697056274847714
3,0.0
3,0.0
3,0.0
3,3.0
3,0.0
3,0.0
3,0.0
3,0.0
3,0.0
3,0.0
3,0.0
3,0.0
3,0.0
3,0.6000000000000001
3,1.7999999999999998
3,3.5999999999999996
3,0.0
3,0.0
3,4.8373546489791295
3,0.0
3,0.0
3,0.0
3,0.0
3,0.0
3,0.0
3,0.0
3,0.0
3,3.0
3,0.0
3,0.0
3,0.0
3,0.0
3,0.0
3,0.0
3,0.0
3,0.0
3,0.0
3,2.4
3,0.0
3,3.2310988842807022
3,0.0
3,0.0
3,0.0
3,0.0
3,4.368065933568311
3,0.0
3,4.368065933568311
3,0.0
3,0.6000000000000001
3,0.0
3,0.0
3,0.0
3,0.0
3,0.0
3,3.059411708155671
3,0.0
3,5.43323108288245
3,3.0
3,0.0
3,0.0
3,1.3416407864998738
3,0.0
3,0.5999999999999996
3,0.0
3,0.0
3,0.0
3,0.0
3,4.242640687119285
3,3.794733192202055
3,0.0
3,0.0
3,0.0
3,0.0
3,0.0
3,0.0
3,0.0
3,0.0
3,0.0
3,0.0
3,0.0
3,0.0
3,0.0
3,0.0
3,0.0
3,3.5999999999999996
3,0.0
3,1.8
3,0.0
3,1.697056274847714
3,0.0
3,0.6
3,0.0
3,0.6000000000000001
3,4.8373546489791295
3,0.0
3,0.0
3,0.0
3,0.0
3,0.0
3,0.0
3,0.0
3,0.0
3,0.0
3,0.0
3,0.0
3,0.0
3,0.0
3,0.0
3,0.0
3,0.6
3,0.0
3,0.0
3,0.0
3,0.6000000000000001
3,0.0
3,1.2000000000000002
3,3.5999999999999996
3,0.0
3,0.0
3,0.0
3,0.0
3,0.0
3,3.0
3,0.0
3,0.0
3,0.0
3,0.0
3,2.4
3,0.0
3,0.0
3,2.1633307652783933
3,3.0
3,0.0
3,0.0
3,0.0
3,0.0
3,0.0
3,3.0
3,0.0
3,3.5999999999999996
3,0.0
3,0.0
3,4.368065933568311
3,3.6496575181789317
3,3.059411708155671
3,0.0
3,3.8418745424597094
3,0.0
3,1.7999999999999998
3,0.0
3,0.0
3,0.0
3,0.0
3,0.0
3,0.0
3,0.0
3,0.0
3,0.0
3,0.0
3,0.0
3,0.0
3,0.0
3,0.0
3,0.0
3,3.2310988842807027
3,0.0
3,0.0
3,0.0
3,0.0
3,0.0
3,0.0
3,0.0
3,0.0
3,0.0
3,5.43323108288245
3,0.0
3,0.6000000000000001
3,0.0
3,2.4
3,0.0
3,0.0
3,0.0
3,0.0
3,2.4
3,0.6
3,0.0
3,0.0
3,1.2
3,0.0
3,0.0
3,1.8973665961010273
3,0.0
3,3.059411708155671
3,0.0
3,0.0
3,0.0
3,1.1999999999999997
3,0.0
3,0.0
3,0.0
3,0.0
3,0.5999999999999996
3,0.0
3,2.4
3,6.997142273814361
3,3.6496575181789317
3,0.0
3,0.0
3,0.0
3,5.1613951602255765
3,0.0
3,0.0
3,0.0
3,0.0
3,0.0
3,0.0
3,2.4000000000000004
3,0.0
3,0.0
3,0.0
3,0.0
3,0.0
3,0.0
3,0.0
3,0.0
3,0.0
3,0.0
3,0.0
3,5.43323108288245
3,0.0
3,3.4985711369071804
3,0.0
3,0.0
3,4.2
3,1.8
3,5.43323108288245
3,0.0
3,0.0
3,0.0
3,2.4
3,1.3416407864998738
3,0.0
3,0.0
3,0.0
3,0.0
3,0.0
3,0.0
3,0.0
3,0.6000000000000001
3,0.0
3,0.0
3,0.0
3,0.0
3,3.5999999999999996
3,0.0
3,0.0
3,0.0
3,0.0
3,0.0
3,4.8373546489791295
3,0.0
3,0.0
3,0.0
3,0.0
3,0.0
3,3.5999999999999996
3,0.0
3,0.0
3,0.0
3,0.0
3,1.8
3,0.0
3,3.5999999999999996
3,0.0
3,3.6496575181789317
3,0.0
3,2.1633307652783933
3,0.0
3,0.0
3,3.8418745424597094
3,0.0
3,0.0
3,0.0
3,0.0
3,0.0
3,0.0
3,0.0
3,0.0
3,0.0
3,0.0
3,0.0
3,0.0
3,0.0
3,0.0
3,4.5694638635183455
3,0.0
3,0.0
3,0.6000000000000001
3,0.0
3,0.0
3,0.0
3,2.545584412271571
3,1.8
3,0.0
3,0.0
3,3.6496575181789317
3,6.029925372672534
3,5.43323108288245
3,0.0
3,0.0
3,0.0
3,0.0
3,0.0
3,5.660388679233963
3,0.0
3,0.0
3,0.0
3,3.6496575181789317
3,0.0
3,1.2000000000000002
3,0.0
3,0.0
3,1.697056274847714
3,0.0
3,0.0
3,0.0
3,0.5999999999999996
3,0.0
3,0.0
3,0.0
3,0.0
3,0.0
3,1.3416407864998738
3,0.0
3,0.0
3,0.0
3,0.0
3,3.4985711369071804
3,4.686149805543993
3,0.0
3,0.0
3,1.2
3,0.0
3,0.0
3,0.0
3,1.2000000000000002
3,0.0
3,0.0
3,0.0
3,0.0
3,0.0
3,0.6000000000000001
3,0.0
3,3.394112549695428
3,0.0
3,0.0
3,0.0
3,0.0
3,0.0
3,2.4
3,0.0
3,0.0
3,0.0
3,0.0
3,3.2310988842807022
3,0.0
3,1.2
3,0.0
3,0.0
3,0.0
3,1.8
3,0.0
3,0.0
3,0.0
3,0.0
3,0.6
3,1.2
3,0.0
3,0.0
3,0.0
3,0.0
3,4.368065933568311
3,0.0
3,0.6000000000000001
3,0.0
3,0.0
3,0.0
3,0.0
3,0.0
3,0.0
3,0.0
3,0.0
3,0.0
3,0.0
3,0.0
3,0.0
3,0.0
3,0.0
3,0.0
3,1.8973665961010278
3,0.0
3,0.0
3,0.0
3,0.0
3,0.0
3,0.0
3,0.0
3,0.0
3,0.0
3,0.0
3,0.0
3,0.0
3,0.0
3,0.0
3,0.0
3,0.0
3,0.0
3,5.43323108288245
3,0.0
3,0.0
3,0.0
3,3.49857113690718
3,0.0
3,0.0
3,0.0
3,0.0
3,0.0
3,0.0
3,0.0
3,0.0
3,0.0
3,0.0
3,0.0
3,0.0
3,1.697056274847714
3,0.0
3,0.0
3,0.5999999999999996
3,5.1613951602255765
3,0.0
3,0.0
3,0.0
3,0.0
3,0.0
3,0.0
3,1.2000000000000002
3,0.0
3,0.0
3,1.2000000000000002
3,0.0
3,0.0
3,0.0
3,0.0
3,0.0
3,0.0
3,0.0
3,1.2000000000000002
3,0.0
3,0.0
3,3.2310988842807027
3,0.0
3,0.0
3,0.0
3,0.0
3,0.0
3,0.0
3,1.8
3,5.43323108288245
3,0.0
3,1.8
3,0.6000000000000005
3,0.0
3,5.43323108288245
3,0.0
3,0.0
3,0.0
3,0.0
3,0.0
3,0.0
3,0.0
3,0.0
3,0.0
3,0.0
3,0.0
3,0.0
3,1.2000000000000002
3,0.6000000000000001
3,0.0
3,0.0
3,0.0
3,0.0
3,0.0
3,0.0
3,0.0
3,0.0
3,0.0
3,3.6
3,0.0
3,0.0
3,0.0
3,1.8
3,0.0
3,4.368065933568311
3,0.0
3,0.0
3,0.0
3,0.0
3,0.0
3,1.7999999999999998
3,0.0
3,3.0
3,0.0
3,0.0
3,0.0
3,0.0
3,1.8000000000000003
3,0.0
3,1.7999999999999998
3,0.0
3,0.0
3,0.0
3,0.0
3,0.0
3,0.0
3,0.0
3,0.0
3,1.3416407864998736
3,0.0
3,0.0
3,0.0
3,0.0
3,0.0
3,0.0
3,2.4
3,0.0
3,0.0
3,0.0
3,0.0
3,5.1613951602255765
3,0.0
3,0.0
3,0.0
3,0.0
3,0.0
3,0.0
3,0.0
3,0.0
3,0.0
3,3.0
3,0.0
3,0.0
3,0.0
3,0.0
3,0.0
3,0.0
3,3.8418745424597094
3,0.0
3,0.0
3,0.0
3,0.0
3,3.5999999999999996
3,0.0
3,0.0
3,1.697056274847714
3,0.0
3,0.0
3,0.0
3,0.0
3,4.242640687119285
3,0.0
3,1.7999999999999998
3,0.0
3,0.0
3,2.4
3,0.0
3,1.8000000000000003
3,0.0
3,0.0
3,0.0
3,0.0
3,0.0
3,0.0
3,0.0
3,0.0
3,0.0
3,0.0
3,0.0
3,0.0
3,0.6
3,0.0
3,0.0
3,0.0
3,0.0
3,0.0
3,0.0
3,0.0
3,0.0
3,0.0
3,0.0
3,0.0
3,0.0
3,0.0
3,0.0
3,0.0
3,1.2000000000000002
3,0.0
3,0.0
3,0.0
3,0.0
3,2.6832815729997477
3,0.0
3,3.2310988842807027
3,0.0
3,0.0
3,0.0
3,0.0
3,0.0
3,0.0
3,0.0
3,0.6000000000000001
3,3.6
3,1.8973665961010275
3,0.0
3,3.4985711369071804
3,0.0
3,0.0
3,0.0
3,1.8
3,3.6
3,0.0
3,0.0
3,0.0
3,0.0
3,0.0
3,0.0
3,0.0
3,0.0
3,1.7999999999999998
3,0.0
3,3.2310988842807022
3,3.059411708155671
3,0.0
3,0.0
3,0.0
3,0.0
3,0.0
3,0.0
3,0.0
3,0.0
3,0.0
3,0.0
3,5.126402247190518
3,0.0
3,0.0
3,3.059411708155671
3,0.0
3,0.0
3,0.0
3,0.0
3,0.0
3,0.0
3,0.0
3,3.2310988842807027
3,0.0
3,0.0
3,0.0
3,0.0
3,0.0
3,0.0
3,0.0
3,0.0
3,0.0
3,0.6
3,0.0
3,0.0
3,3.2310988842807027
3,0.0
3,5.692099788303083
3,0.0
3,1.8
3,1.8
3,0.0
3,0.0
3,0.0
3,0.0
3,5.126402247190518
3,4.8373546489791295
3,0.0
3,0.0
3,0.0
3,0.0
3,0.0
3,1.3416407864998738
3,0.0
3,2.4
3,3.2310988842807027
3,0.0
3,0.0
3,0.0
3,0.0
3,0.0
3,0.0
3,0.0
3,0.0
3,0.0
3,0.0
3,0.0
3,0.6000000000000001
3,0.0
3,1.8
3,3.2310988842807022
3,0.0
3,0.0
3,0.0
3,0.0
3,0.0
3,0.5999999999999996
3,0.0
3,0.0
3,0.0
3,0.0
3,0.0
3,0.0
3,0.0
3,0.0
3,0.0
3,0.0
3,0.0
3,1.2000000000000002
3,0.0
3,0.0
3,3.5999999999999996
3,0.0
3,0.0
3,0.0
3,0.0
3,0.5999999999999996
3,2.1633307652783933
3,0.0
3,0.0
3,0.0
3,0.0
3,0.0
3,0.0
3,0.0
3,4.2
3,0.0
3,5.43323108288245
3,0.0
3,0.0
3,0.0
3,0.0
3,3.49857113690718
3,0.0
3,0.0
3,0.0
3,0.0
3,0.0
3,0.0
3,0.0
3,0.0
3,0.6000000000000001
3,0.0
3,2.1633307652783933
3,1.8
3,0.6000000000000001
3,0.0
3,0.0
3,0.0
3,3.0
3,0.0
3,1.8
3,0.0
3,0.0
3,0.0
3,3.4985711369071804
3,0.0
3,0.0
3,0.0
3,0.0
3,0.0
3,3.2310988842807022
3,0.0
3,0.0
3,3.5999999999999996
3,0.0
3,0.0
3,0.0
3,0.0
3,0.0
3,0.0
3,0.0
3,0.0
3,0.0
3,6.0
3,0.0
3,0.0
3,0.0
3,0.0
3,0.0
3,1.7999999999999998
3,0.0
3,0.0
3,0.0
3,0.0
3,0.0
3,1.3416407864998738
3,0.0
3,0.0
3,0.0
3,0.0
3,0.0
3,1.2000000000000002
3,4.8373546489791295
3,3.2310988842807027
3,0.0
3,0.0
3,0.0
3,0.0
3,0.0
3,0.0
3,0.0
3,0.0
3,0.0
3,5.43323108288245
3,3.4985711369071804
3,0.0
3,0.0
3,0.0
3,0.0
3,0.0
3,0.0
3,0.0
3,0.0
3,0.0
3,0.0
3,0.0
3,0.0
3,3.059411708155671
3,0.0
3,1.2
3,3.0
3,3.6
3,0.0
3,0.6
3,4.2
3,3.5999999999999996
3,0.0
3,3.8418745424597094
3,3.0594117081556713
3,0.0
3,0.0
3,0.0
3,1.8973665961010275
3,3.059411708155671
3,0.0
3,0.6000000000000001
3,1.2000000000000002
3,0.0
3,0.0
3,1.8
3,5.43323108288245
3,1.8
3,0.5999999999999996
3,0.0
3,0.0
3,3.2310988842807027
3,0.0
3,0.0
3,4.242640687119285
3,0.0
3,1.8973665961010275
3,5.43323108288245
4,4.569463863518345
4,0.0
4,3.0
4,0.0
4,0.6
4,0.0
4,0.0
4,0.0
4,0.0
4,0.0
4,0.0
4,0.0
4,2.4
4,0.0
4,0.0
4,0.0
4,0.0
4,0.0
4,0.0
4,0.0
4,0.0
4,0.0
4,0.0
4,1.2
4,0.0
4,0.0
4,0.0
4,0.0
4,0.0
4,0.0
4,0.0
4,0.6
4,0.0
4,3.6000000000000005
4,0.0
4,1.8973665961010275
4,0.0
4,0.0
4,0.0
4,0.0
4,0.6000000000000001
4,3.5999999999999996
4,0.0
4,0.0
4,0.0
4,0.0
4,0.0
4,5.43323108288245
4,0.0
4,5.1613951602255765
4,0.0
4,0.0
4,0.0
4,1.7999999999999998
4,0.0
4,0.0
4,5.43323108288245
4,5.43323108288245
4,0.0
4,0.0
4,0.0
4,0.0
4,3.6
4,1.3416407864998738
4,1.8973665961010278
4,0.0
4,0.0
4,0.0
4,0.0
4,0.0
4,0.0
4,0.0
4,0.0
4,0.0
4,3.5999999999999996
4,0.0
4,0.0
4,5.43323108288245
4,0.0
4,1.8
4,0.0
4,0.0
4,3.0
4,0.5999999999999999
4,0.0
4,0.0
4,0.0
4,3.4985711369071804
4,3.6
4,0.0
4,0.0
4,0.0
4,1.8
4,0.0
4,0.0
4,0.0
4,3.6496575181789317
4,0.0
4,1.697056274847714
4,0.0
4,0.0
4,0.0
4,0.0
4,0.0
4,0.0
4,0.0
4,0.0
4,0.0
4,0.0
4,0.0
4,0.0
4,2.1633307652783933
4,0.0
4,0.0
4,0.0
4,3.2310988842807027
4,0.0
4,3.49857113690718
4,0.0
4,0.0
4,0.0
4,0.0
4,4.368065933568311
4,1.8973665961010275
4,0.0
4,0.0
4,0.0
4,5.43323108288245
4,0.0
4,0.0
4,0.0
4,0.0
4,0.0
4,0.0
4,0.0
4,0.0
4,0.0
4,0.0
4,0.0
4,0.0
4,0.0
4,0.0
4,0.0
4,0.5999999999999999
4,0.0
4,0.0
4,0.6
4,0.0
4,0.0
4,0.0
4,0.0
4,0.0
4,3.0
4,0.0
4,0.0
4,0.0
4,1.8000000000000003
4,0.0
4,0.6000000000000001
4,0.0
4,0.5999999999999996
4,0.0
4,0.0
4,0.0
4,2.1633307652783933
4,0.0
4,0.0
4,0.0
4,0.0
4,2.1633307652783933
4,0.0
4,0.0
4,0.0
4,0.0
4,0.0
4,0.0
4,0.0
4,0.0
4,0.0
4,0.0
4,0.0
4,0.0
4,0.0
4,0.0
4,0.0
4,5.692099788303083
4,0.0
4,3.2310988842807027
4,0.0
4,0.0
4,0.0
4,0.0
4,0.0
4,0.0
4,0.0
4,0.0
4,0.0
4,0.0
4,0.0
4,0.0
4,0.0
4,1.7999999999999998
4,0.0
4,0.0
4,0.0
4,0.0
4,0.0
4,5.692099788303083
4,0.0
4,0.0
4,3.6496575181789317
4,0.0
4,4.8
4,3.059411708155671
4,0.0
4,4.2
4,0.6000000000000001
4,0.0
4,0.0
4,0.0
4,0.0
4,0.0
4,0.0
4,0.0
4,0.0
4,0.0
4,0.0
4,0.0
4,0.0
4,3.0
4,0.0
4,3.6
4,0.0
4,0.0
4,3.4985711369071804
4,0.0
4,2.1633307652783933
4,0.0
4,0.0
4,0.0
4,0.0
4,1.7999999999999998
4,0.0
4,5.909314681077663
4,0.0
4,4.242640687119286
4,0.0
4,0.0
4,1.8
4,0.0
4,0.0
4,0.0
4,1.8
4,0.0
4,0.0
4,0.0
4,0.0
4,0.0
4,0.0
4,0.0
4,2.545584412271571
4,0.0
4,0.0
4,3.4985711369071804
4,0.0
4,0.0
4,0.0
4,3.5999999999999996
4,0.0
4,0.0
4,0.0
4,0.0
4,0.0
4,0.0
4,0.0
4,0.0
4,0.0
4,0.0
4,0.0
4,0.0
4,0.0
4,0.0
4,0.0
4,0.0
4,0.0
4,0.0
4,0.0
4,0.0
4,0.0
4,0.0
4,0.0
4,0.0
4,3.394112549695428
4,0.0
4,0.0
4,0.0
4,4.800000000000001
4,3.5999999999999996
4,1.8
4,1.8000000000000003
4,0.0
4,0.0
4,0.0
4,1.3416407864998738
4,1.7999999999999998
4,0.0
4,4.8373546489791295
4,0.0
4,0.0
4,1.2000000000000002
4,0.0
4,0.0
4,0.0
4,0.0
4,5.43323108288245
4,1.8973665961010275
4,0.0
4,4.2
4,0.0
4,0.0
4,0.0
4,3.059411708155671
4,0.0
4,0.0
4,0.5999999999999996
4,0.0
4,0.0
4,1.7999999999999998
4,0.0
4,0.0
4,0.0
4,0.0
4,0.0
4,0.0
4,0.0
4,0.0
4,0.0
4,0.0
4,0.0
4,0.0
4,0.0
4,0.0
4,0.0
4,0.0
4,0.0
4,0.0
4,0.0
4,0.0
4,0.0
4,0.0
4,1.7999999999999998
4,0.0
4,0.0
4,0.6000000000000001
4,0.0
4,0.0
4,0.0
4,0.0
4,0.0
4,0.0
4,3.2310988842807027
4,5.43323108288245
4,0.0
4,1.8
4,0.0
4,0.0
4,0.6000000000000001
4,0.0
4,2.4
4,0.0
4,0.0
4,0.0
4,0.0
4,4.8373546489791295
4,0.0
4,0.0
4,0.0
4,0.0
4,0.0
4,0.0
4,0.0
4,0.0
4,0.0
4,0.0
4,5.531726674375733
4,0.0
4,0.0
4,0.0
4,0.0
4,0.0
4,0.0
4,0.0
4,0.0
4,0.0
4,1.697056274847714
4,1.2000000000000002
4,0.0
4,0.0
4,0.0
4,0.0
4,0.0
4,1.2000000000000002
4,0.0
4,2.4
4,0.0
4,3.0
4,0.0
4,0.0
4,0.0
4,0.0
4,4.368065933568311
4,0.0
4,0.0
4,0.0
4,0.0
4,0.0
4,0.0
4,0.0
4,4.326661530556787
4,3.6
4,0.0
4,0.0
4,0.0
4,0.0
4,5.4
4,0.0
4,0.0
4,0.0
4,0.0
4,0.0
4,0.0
4,0.0
4,0.0
4,0.0
4,2.1633307652783933
4,1.2000000000000002
4,0.0
4,0.0
4,0.0
4,0.0
4,1.8
4,0.0
4,2.4
4,0.0
4,0.0
4,0.0
4,1.2
4,0.0
4,1.8000000000000003
4,0.0
4,5.43323108288245
4,0.0
4,0.0
4,0.0
4,0.0
4,0.0
4,0.0
4,0.0
4,0.0
4,0.0
4,0.0
4,0.0
4,0.0
4,4.8373546489791295
4,0.0
4,0.0
4,1.8973665961010278
4,3.8418745424597094
4,0.0
4,3.6496575181789317
4,0.0
4,0.0
4,0.0
4,0.0
4,0.0
4,0.0
4,0.0
4,0.0
4,0.0
4,0.0
4,0.0
4,1.8973665961010278
4,0.0
4,0.0
4,0.0
4,5.43323108288245
4,0.0
4,0.0
4,0.0
4,0.0
4,0.0
4,0.0
4,5.43323108288245
4,0.0
4,4.8
4,0.0
4,0.0
4,3.5999999999999996
4,0.0
4,0.0
4,1.8
4,3.6496575181789317
4,1.7999999999999998
4,5.43323108288245
4,0.0
4,0.0
4,0.0
4,0.0
4,6.0
4,0.0
4,0.0
4,0.0
4,0.0
4,0.0
4,0.0
4,0.5999999999999996
4,0.0
4,0.0
4,0.0
4,3.4985711369071804
4,0.0
4,0.0
4,0.0
4,0.0
4,0.0
4,0.0
4,0.0
4,0.0
4,0.0
4,0.0
4,0.0
4,0.0
4,0.0
4,0.0
4,0.0
4,0.0
4,0.0
4,0.0
4,0.0
4,0.0
4,0.0
4,0.0
4,0.0
4,1.8
4,1.697056274847714
4,0.0
4,0.0
4,3.0
4,0.0
4,0.0
4,0.0
4,0.0
4,0.0
4,0.0
4,0.0
4,0.0
4,0.0
4,0.0
4,5.43323108288245
4,0.0
4,0.0
4,0.0
4,2.4
4,0.0
4,0.0
4,0.0
4,3.5999999999999996
4,0.0
4,0.6
4,0.0
4,0.0
4,0.0
4,0.0
4,5.660388679233963
4,0.0
4,3.6496575181789317
4,3.6496575181789317
4,0.0
4,0.0
4,0.0
4,0.0
4,1.8973665961010273
4,0.0
4,0.0
4,0.0
4,0.0
4,1.8
4,0.0
4,0.0
4,0.0
4,0.0
4,0.0
4,5.531726674375733
4,0.5999999999999996
4,0.0
4,3.0
4,0.0
4,0.0
4,3.6
4,0.6
4,0.0
4,0.0
4,0.0
4,3.059411708155671
4,0.0
4,0.0
4,0.0
4,0.0
4,0.0
4,3.6000000000000005
4,0.0
4,0.0
4,3.4985711369071804
4,0.0
4,0.0
4,0.0
4,2.4
4,0.0
4,0.0
4,0.0
4,0.6000000000000001
4,0.0
4,0.0
4,0.0
4,0.0
4,0.0
4,0.0
4,0.0
4,0.6
4,1.7999999999999998
4,0.0
4,2.1633307652783933
4,0.0
4,2.4000000000000004
4,0.0
4,0.0
4,0.0
4,6.0
4,0.0
4,1.2000000000000002
4,0.0
4,0.0
4,0.0
4,4.8373546489791295
4,0.0
4,5.43323108288245
4,1.7999999999999998
4,0.0
4,0.0
4,0.0
4,4.8373546489791295
4,0.0
4,0.0
4,0.0
4,0.0
4,1.8000000000000003
4,5.43323108288245
4,0.0
4,0.0
4,0.0
4,0.0
4,0.0
4,1.8
4,0.0
4,0.0
4,3.4985711369071804
4,0.0
4,0.0
4,1.7999999999999998
4,0.0
4,0.0
4,0.0
4,0.0
4,0.0
4,0.0
4,0.0
4,0.0
4,4.024922359499622
4,0.0
4,0.0
4,0.5999999999999996
4,0.0
4,1.7999999999999998
4,0.0
4,0.0
4,0.0
4,0.0
4,0.0
4,0.0
4,0.0
4,0.0
4,0.0
4,1.8
4,2.4
4,0.0
4,0.0
4,0.0
4,0.0
4,0.0
4,0.0
4,0.0
4,5.43323108288245
4,0.0
4,0.0
4,0.0
4,3.4985711369071804
4,1.3416407864998738
4,0.0
4,4.8
4,0.0
4,0.0
4,0.0
4,0.6000000000000001
4,0.0
4,0.0
4,0.0
4,0.0
4,0.0
4,3.5999999999999996
4,0.0
4,1.697056274847714
4,0.0
4,0.0
4,0.0
4,3.5999999999999996
4,0.0
4,0.0
4,0.0
4,0.0
4,0.0
4,0.0
4,0.0
4,0.0
4,0.0
4,0.0
4,3.059411708155671
4,0.0
4,0.0
4,0.0
4,0.0
4,0.0
4,0.0
4,0.0
4,0.0
4,0.0
4,0.0
4,0.0
4,0.0
4,0.0
4,0.0
4,0.0
4,0.0
4,0.0
4,3.5999999999999996
4,0.0
4,0.0
4,0.0
4,1.7999999999999998
4,0.0
4,0.5999999999999996
4,0.0
4,0.0
4,1.8
4,0.0
4,0.0
4,1.7999999999999998
4,0.0
4,3.794733192202055
4,0.0
4,1.8973665961010278
4,5.43323108288245
4,0.0
4,0.0
4,0.0
4,0.0
4,0.0
4,0.0
4,0.0
4,0.0
4,0.0
4,0.0
4,0.0
4,0.0
4,0.0
4,0.0
4,0.0
4,0.0
4,0.0
4,0.0
4,0.0
4,1.8
4,0.0
4,0.0
4,5.43323108288245
4,0.6
4,0.0
4,0.0
4,3.5999999999999996
4,0.0
4,0.0
4,1.697056274847714
4,0.0
4,0.0
4,0.0
4,0.0
4,0.0
4,0.0
4,0.0
4,0.0
4,0.0
4,0.0
4,0.0
4,0.0
4,0.0
4,3.5999999999999996
4,0.0
4,0.0
4,0.0
4,0.0
4,0.0
4,0.0
4,2.4
4,0.0
4,0.0
4,0.0
4,0.0
4,0.0
4,5.43323108288245
4,0.0
4,0.0
4,0.0
4,0.0
4,0.5999999999999996
4,0.0
4,5.4
4,0.0
4,0.0
4,4.024922359499622
4,5.43323108288245
4,0.0
4,0.0
4,0.0
4,0.0
4,0.0
4,0.0
4,0.0
4,0.0
4,0.0
4,3.0
4,0.0
4,0.0
4,0.0
4,0.5999999999999996
4,0.0
4,0.0
4,0.0
4,0.0
4,0.0
4,5.43323108288245
4,0.0
4,0.0
4,0.0
4,0.6000000000000001
4,0.0
4,3.059411708155671
4,5.43323108288245
4,0.0
4,0.0
4,0.0
4,0.0
4,0.0
4,0.0
4,0.0
4,3.6000000000000005
4,0.0
4,0.0
4,3.2310988842807027
4,0.0
4,3.4985711369071804
4,0.0
4,1.2000000000000002
4,0.0
4,0.0
4,5.43323108288245
4,0.0
4,0.0
4,0.0
4,0.0
4,0.0
4,0.0
4,0.0
4,3.2310988842807027
4,0.0
4,0.0
4,0.0
4,0.0
4,5.43323108288245
4,1.2000000000000002
4,0.0
4,0.0
4,0.0
4,0.0
4,0.0
4,5.43323108288245
4,5.43323108288245
4,0.0
4,0.0
4,0.0
4,0.0
4,5.660388679233963
4,0.0
4,3.0
4,0.0
4,0.0
4,0.0
4,0.0
4,0.0
4,0.0
4,3.6
4,0.0
4,0.0
4,0.0
4,0.0
4,0.0
4,5.43323108288245
4,0.0
4,0.0
4,0.0
4,0.0
4,0.0
4,0.0
4,5.909314681077663
4,0.0
4,5.126402247190518
4,0.0
4,0.0
4,1.3416407864998738
4,0.0
4,0.0
4,0.0
4,2.473863375370596
4,5.531726674375733
4,0.6000000000000001
4,0.0
4,0.0
4,0.0
4,0.0
4,1.8
4,5.909314681077663
4,0.0
4,3.2310988842807027
4,0.0
4,0.0
4,6.118823416311342
4,1.8973665961010273
4,0.0
4,3.4985711369071804
4,0.0
4,0.0
4,0.0
4,0.0
4,0.0
4,0.0
4,3.5999999999999996
4,1.2000000000000002
4,4.686149805543993
4,0.0
4,0.0
4,0.0
4,0.0
4,0.0
4,0.0
4,0.0
4,0.0
4,0.0
4,3.059411708155671
4,3.2310988842807027
4,0.0
4,1.3416407864998738
4,0.0
4,1.8973665961010275
4,0.0
4,4.800000000000001
4,1.7999999999999998
4,0.0
4,0.0
4,3.2310988842807022
4,5.43323108288245
4,0.0
4,0.0
4,0.0
4,0.6000000000000001
4,0.0
4,0.0
4,2.473863375370596
4,4.947726750741193
4,0.0
4,6.708203932499369
4,0.0
4,0.0
4,0.0
4,0.0
4,5.43323108288245
4,0.0
4,0.0
4,3.5999999999999996
4,0.0
4,1.3416407864998738
4,1.2000000000000002
4,1.8000000000000003
4,0.0
4,0.0
4,3.2310988842807022
4,0.0
4,0.0
4,0.0
4,0.0
4,0.0
4,0.0
4,1.697056274847714
4,0.6
4,0.0
4,0.0
4,0.0
4,2.4
4,0.0
4,0.0
4,0.0
4,0.0
4,0.5999999999999996
4,0.0
4,1.2000000000000002
4,3.2310988842807027
4,0.0
4,0.0
4,0.0
4,0.0
4,0.0
4,0.0
4,0.0
4,3.4985711369071804
4,0.0
4,0.0
4,0.0
4,0.0
4,0.0
4,0.0
4,0.0
4,4.2
4,0.0
4,0.0
4,0.0
4,0.0
4,3.4985711369071804
4,2.473863375370596
4,1.2
4,3.0
4,0.5999999999999996
4,4.242640687119285
4,0.6000000000000001
4,0.0
4,5.4
4,0.6
4,0.0
4,3.059411708155671
4,1.8
4,0.6
4,3.5999999999999996
4,0.0
4,0.0
4,0.0
4,0.0
4,0.0
4,0.0
4,0.0
4,0.0
4,0.0
4,0.0
4,0.0
4,0.0
4,0.0
4,0.0
4,6.177378084592201
4,0.0
4,0.0
4,0.0
4,0.0
4,0.0
4,0.0
4,0.0
4,1.3416407864998738
4,0.0
4,0.0
4,0.0
4,0.0
4,0.6
4,0.0
4,0.0
4,0.0
4,0.0
4,0.0
4,0.0
4,0.0
4,0.0
4,0.0
4,0.6000000000000001
4,1.7999999999999998
4,0.0
4,0.0
4,0.0
4,4.8373546489791295
4,0.0
4,0.0
4,0.0
4,0.0
4,0.0
4,0.0
4,0.0
4,0.0
4,3.0
4,0.0
4,0.0
4,0.0
4,0.0
4,0.0
4,0.0
4,0.0
4,0.0
4,0.0
4,0.0
4,0.0
4,3.2310988842807022
4,0.0
4,0.0
4,1.697056274847714
4,0.0
4,4.368065933568311
4,0.0
4,4.368065933568311
4,0.0
4,0.6000000000000001
4,0.0
4,0.0
4,0.0
4,0.0
4,0.0
4,3.059411708155671
4,0.0
4,0.0
4,3.0
4,0.0
4,0.0
4,1.3416407864998738
4,0.0
4,0.5999999999999996
4,3.5999999999999996
4,0.0
4,0.0
4,0.0
4,4.242640687119285
4,3.794733192202055
4,0.0
4,0.0
4,3.059411708155671
4,0.0
4,0.0
4,0.0
4,1.697056274847714
4,0.0
4,0.0
4,0.0
4,0.0
4,0.0
4,0.0
4,0.0
4,0.0
4,0.0
4,0.0
4,1.8
4,0.0
4,0.0
4,0.0
4,0.6
4,0.0
4,0.6000000000000001
4,4.8373546489791295
4,0.0
4,0.0
4,0.0
4,0.0
4,0.0
4,0.0
4,0.0
4,0.0
4,0.0
4,0.0
4,0.0
4,5.43323108288245
4,0.0
4,0.0
4,1.697056274847714
4,0.6
4,0.0
4,0.0
4,0.0
4,0.6000000000000001
4,0.0
4,1.2000000000000002
4,3.5999999999999996
4,0.0
4,0.0
4,0.0
4,0.0
4,0.0
4,3.059411708155671
4,0.0
4,0.0
4,0.0
4,0.0
4,2.4
4,0.0
4,0.0
4,2.1633307652783933
4,3.0
4,0.0
4,0.0
4,1.697056274847714
4,0.0
4,0.0
4,3.0
4,0.0
4,3.5999999999999996
4,0.0
4,0.0
4,4.368065933568311
4,0.5999999999999996
4,0.0
4,0.0
4,3.8418745424597094
4,0.0
4,0.0
4,0.0
4,0.0
4,0.0
4,0.0
4,0.0
4,0.0
4,0.0
4,0.0
4,0.0
4,0.0
4,0.0
4,0.0
4,0.0
4,0.0
4,0.0
4,4.686149805543993
4,0.0
4,0.0
4,0.0
4,0.6000000000000001
4,1.8
4,0.0
4,0.0
4,0.0
4,0.0
4,5.43323108288245
4,0.0
4,4.242640687119285
4,0.0
4,1.341640786499874
4,0.0
4,0.0
4,5.43323108288245
4,0.0
4,0.0
4,0.6
4,0.0
4,0.0
4,0.0
4,0.0
4,0.0
4,1.8973665961010273
4,0.0
4,3.059411708155671
4,0.0
4,0.0
4,0.0
4,1.1999999999999997
4,0.0
4,0.0
4,0.0
4,0.0
4,0.5999999999999996
4,0.0
4,0.0
4,6.4621977685614045
4,1.8000000000000003
4,0.0
4,0.0
4,0.0
4,6.177378084592201
4,0.0
4,0.0
4,0.0
4,0.0
4,0.0
4,0.0
4,2.4000000000000004
4,0.0
4,0.0
4,0.0
4,0.0
4,0.0
4,0.0
4,0.0
4,0.0
4,0.0
4,0.0
4,0.0
4,5.43323108288245
4,0.0
4,3.4985711369071804
4,0.0
4,0.0
4,4.2
4,1.8
4,0.0
4,0.6000000000000001
4,0.0
4,0.0
4,2.4
4,1.3416407864998738
4,0.0
4,0.0
4,0.0
4,0.0
4,0.0
4,0.0
4,5.43323108288245
4,0.0
4,0.0
4,0.0
4,0.0
4,0.0
4,0.0
4,0.0
4,0.0
4,0.0
4,0.0
4,5.43323108288245
4,4.8373546489791295
4,0.0
4,0.0
4,0.0
4,0.0
4,0.0
4,3.5999999999999996
4,0.0
4,0.0
4,0.0
4,0.0
4,1.8
4,0.0
4,3.5999999999999996
4,0.0
4,0.0
4,0.0
4,2.1633307652783933
4,0.0
4,0.0
4,3.8418745424597094
4,0.0
4,0.0
4,1.8973665961010278
4,5.43323108288245
4,0.0
4,0.0
4,0.0
4,0.0
4,0.0
4,0.0
4,0.0
4,0.0
4,0.0
4,0.0
4,5.692099788303083
4,0.0
4,0.0
4,0.6000000000000001
4,0.0
4,0.0
4,0.0
4,2.545584412271571
4,1.8
4,1.8
4,0.0
4,0.0
4,0.6000000000000001
4,5.43323108288245
4,0.0
4,0.0
4,0.0
4,0.0
4,0.0
4,5.660388679233963
4,0.0
4,0.0
4,0.0
4,3.6496575181789317
4,0.0
4,0.0
4,0.0
4,0.0
4,0.0
4,0.0
4,0.0
4,0.0
4,0.0
4,0.0
4,0.0
4,0.0
4,0.0
4,0.0
4,1.3416407864998738
4,0.0
4,5.43323108288245
4,0.0
4,0.0
4,3.394112549695428
4,0.5999999999999996
4,0.0
4,0.0
4,1.2
4,0.0
4,0.0
4,0.0
4,0.0
4,0.0
4,0.0
4,0.0
4,0.0
4,0.0
4,0.6000000000000001
4,0.0
4,3.2310988842807027
4,0.0
4,0.0
4,0.0
4,0.0
4,0.0
4,2.4
4,0.0
4,0.0
4,0.0
4,0.0
4,0.0
4,0.0
4,0.0
4,3.4985711369071804
4,0.0
4,5.43323108288245
4,1.8
4,0.0
4,0.0
4,1.697056274847714
4,0.0
4,0.6
4,1.2
4,0.0
4,0.0
4,0.0
4,0.0
4,4.368065933568311
4,4.368065933568311
4,0.0
4,0.0
4,0.0
4,0.0
4,0.0
4,0.0
4,0.0
4,0.0
4,0.0
4,1.8
4,0.0
4,0.0
4,0.0
4,0.0
4,0.0
4,0.0
4,0.0
4,0.0
4,0.0
4,0.0
4,0.0
4,0.0
4,0.0
4,0.0
4,0.0
4,0.0
4,0.0
4,0.0
4,0.0
4,0.0
4,3.6496575181789317
4,0.0
4,0.0
4,0.0
4,0.0
4,0.0
4,5.4
4,0.0
4,3.49857113690718
4,3.0
4,0.0
4,0.0
4,0.0
4,0.0
4,0.0
4,0.0
4,0.0
4,0.0
4,0.0
4,0.0
4,0.0
4,0.0
4,0.0
4,0.0
4,0.5999999999999996
4,5.1613951602255765
4,0.0
4,0.0
4,0.0
4,0.0
4,0.0
4,0.0
4,1.2000000000000002
4,0.0
4,0.0
4,1.2000000000000002
4,1.8
4,0.0
4,0.0
4,0.0
4,0.0
4,0.0
4,5.43323108288245
4,0.0
4,0.0
4,0.0
4,3.8418745424597094
4,0.0
4,0.0
4,0.0
4,0.0
4,0.0
4,0.6
4,1.8
4,5.43323108288245
4,0.0
4,1.8
4,0.6000000000000005
4,0.0
4,5.43323108288245
4,0.0
4,0.0
4,0.0
4,0.0
4,0.0
4,0.0
4,0.0
4,0.0
4,0.0
4,0.0
4,0.0
4,0.0
4,0.0
4,0.6000000000000001
4,0.0
4,0.0
4,0.0
4,0.0
4,0.0
4,0.0
4,0.0
4,0.0
4,0.0
4,2.4
4,0.0
4,0.0
4,0.0
4,1.8
4,0.0
4,4.368065933568311
4,1.697056274847714
4,0.0
4,0.0
4,0.0
4,0.0
4,1.7999999999999998
4,0.0
4,0.0
4,0.0
4,0.0
4,0.0
4,0.0
4,1.2000000000000002
4,0.0
4,1.7999999999999998
4,0.0
4,0.0
4,0.0
4,0.0
4,0.0
4,0.0
4,0.0
4,0.5999999999999999
4,0.0
4,0.0
4,0.0
4,0.0
4,0.0
4,0.0
4,0.0
4,2.4
4,0.0
4,0.0
4,0.0
4,0.0
4,5.1613951602255765
4,0.0
4,0.0
4,0.0
4,0.0
4,0.0
4,0.0
4,0.0
4,0.0
4,0.0
4,3.0
4,0.0
4,0.0
4,0.0
4,0.0
4,0.0
4,0.0
4,0.6000000000000001
4,0.0
4,0.0
4,0.0
4,0.0
4,3.5999999999999996
4,0.0
4,0.0
4,0.0
4,0.0
4,0.0
4,0.0
4,0.0
4,4.242640687119285
4,0.0
4,1.7999999999999998
4,0.0
4,0.0
4,2.4
4,0.0
4,1.8000000000000003
4,0.0
4,0.0
4,3.5999999999999996
4,0.0
4,0.0
4,0.0
4,0.0
4,0.0
4,0.0
4,0.0
4,0.0
4,0.0
4,0.6
4,0.0
4,0.0
4,0.0
4,0.0
4,0.0
4,0.0
4,0.0
4,0.0
4,0.0
4,0.0
4,0.0
4,1.697056274847714
4,0.0
4,0.0
4,0.0
4,0.0
4,0.0
4,0.0
4,0.0
4,0.0
4,2.6832815729997477
4,0.0
4,3.2310988842807027
4,0.0
4,0.0
4,0.0
4,0.0
4,0.0
4,0.0
4,0.0
4,0.6000000000000001
4,0.8485281374238569
4,1.8973665961010275
4,0.0
4,0.0
4,0.0
4,0.0
4,0.0
4,1.8
4,3.6
4,1.8
4,0.0
4,0.0
4,0.0
4,0.0
4,0.0
4,0.0
4,0.0
4,1.7999999999999998
4,0.0
4,0.0
4,3.059411708155671
4,0.0
4,0.0
4,0.0
4,0.0
4,0.0
4,0.0
4,0.0
4,0.0
4,0.0
4,0.0
4,0.0
4,0.0
4,0.0
4,1.2000000000000002
4,0.0
4,0.0
4,0.0
4,0.0
4,0.0
4,0.0
4,0.0
4,3.2310988842807027
4,0.0
4,0.0
4,0.0
4,0.0
4,0.0
4,0.0
4,3.0000000000000004
4,0.0
4,0.0
4,0.6
4,0.0
4,0.0
4,3.2310988842807027
4,0.0
4,5.692099788303083
4,0.0
4,1.8
4,1.8
4,0.0
4,0.0
4,0.0
4,0.0
4,5.126402247190518
4,3.0
4,0.0
4,5.43323108288245
4,0.0
4,1.697056274847714
4,0.0
4,0.0
4,0.0
4,2.4
4,3.4985711369071804
4,5.43323108288245
4,0.0
4,0.0
4,0.0
4,0.0
4,1.8
4,0.0
4,0.0
4,0.0
4,0.0
4,0.0
4,0.6000000000000001
4,0.0
4,1.8
4,3.2310988842807022
4,0.0
4,0.0
4,0.0
4,0.0
4,0.0
4,0.5999999999999996
4,0.0
4,0.0
4,0.0
4,0.0
4,0.0
4,0.0
4,0.0
4,0.0
4,0.0
4,0.0
4,0.0
4,0.0
4,0.0
4,0.0
4,0.0
4,0.0
4,0.0
4,0.0
4,0.0
4,0.6000000000000005
4,2.1633307652783933
4,0.0
4,0.0
4,0.0
4,0.0
4,0.0
4,0.0
4,0.0
4,6.0
4,0.0
4,5.43323108288245
4,0.0
4,0.0
4,0.0
4,0.0
4,1.7999999999999998
4,0.0
4,1.8
4,0.0
4,0.0
4,0.0
4,5.43323108288245
4,0.0
4,0.0
4,0.6000000000000001
4,0.0
4,2.1633307652783933
4,1.8
4,0.0
4,0.0
4,0.0
4,0.0
4,3.0
4,0.0
4,1.8
4,0.0
4,0.0
4,0.0
4,3.4985711369071804
4,0.0
4,0.0
4,0.0
4,0.0
4,0.0
4,3.2310988842807022
4,0.0
4,0.0
4,3.5999999999999996
4,0.0
4,0.0
4,0.0
4,0.0
4,0.0
4,0.0
4,0.0
4,0.0
4,0.0
4,6.0
4,0.0
4,0.0
4,0.0
4,0.0
4,0.0
4,1.7999999999999998
4,0.0
4,0.0
4,0.0
4,0.0
4,0.0
4,1.3416407864998738
4,0.0
4,0.0
4,0.0
4,0.0
4,0.0
4,4.2
4,4.8373546489791295
4,3.2310988842807027
4,0.0
4,0.0
4,0.0
4,0.0
4,0.0
4,0.0
4,0.0
4,0.0
4,0.0
4,0.0
4,3.4985711369071804
4,0.0
4,0.0
4,0.0
4,0.0
4,0.0
4,0.0
4,0.0
4,0.0
4,1.7999999999999998
4,0.0
4,0.0
4,0.0
4,3.059411708155671
4,4.5694638635183455
4,1.2
4,3.0
4,3.6
4,0.0
4,0.6
4,4.2
4,0.0
4,0.0
4,3.8418745424597094
4,3.0594117081556713
4,0.0
4,0.0
4,0.0
4,0.0
4,0.0
4,5.43323108288245
4,0.6000000000000001
4,1.2000000000000002
4,0.0
4,0.0
4,1.8
4,0.0
4,1.8
4,0.5999999999999996
4,0.0
4,0.0
4,3.2310988842807027
4,0.0
4,0.0
4,4.242640687119285
4,0.0
4,1.8973665961010275
4,0.0
5,4.569463863518345
5,0.0
5,3.0
5,0.0
5,0.6
5,0.0
5,0.0
5,0.0
5,0.0
5,2.1633307652783933
5,0.0
5,0.0
5,2.4
5,0.0
5,0.0
5,0.0
5,0.0
5,0.0
5,0.0
5,0.0
5,0.0
5,0.0
5,0.0
5,1.2
5,0.0
5,0.0
5,0.0
5,0.0
5,0.0
5,0.0
5,0.0
5,0.6
5,0.0
5,4.569463863518345
5,0.0
5,1.8973665961010275
5,0.0
5,0.0
5,0.0
5,0.0
5,0.6000000000000001
5,0.0
5,0.0
5,0.0
5,0.0
5,0.0
5,0.0
5,0.0
5,0.0
5,2.4
5,0.0
5,0.0
5,0.0
5,0.0
5,0.0
5,0.0
5,5.43323108288245
5,5.43323108288245
5,0.0
5,0.0
5,0.0
5,0.0
5,3.6
5,1.3416407864998738
5,1.8973665961010278
5,0.0
5,0.0
5,0.0
5,3.0
5,0.0
5,0.0
5,0.0
5,0.0
5,0.0
5,1.2
5,0.0
5,0.0
5,0.0
5,0.0
5,1.8
5,0.0
5,0.0
5,0.0
5,0.5999999999999999
5,0.0
5,0.0
5,0.0
5,3.4985711369071804
5,2.4000000000000004
5,0.0
5,0.0
5,0.0
5,1.8
5,0.0
5,0.0
5,0.0
5,3.6496575181789317
5,0.0
5,1.697056274847714
5,0.0
5,0.0
5,0.0
5,0.0
5,0.0
5,0.0
5,0.0
5,0.0
5,0.0
5,0.0
5,0.0
5,0.0
5,2.1633307652783933
5,0.0
5,5.43323108288245
5,0.0
5,6.118823416311342
5,0.0
5,4.368065933568311
5,0.0
5,0.0
5,0.0
5,0.0
5,4.368065933568311
5,1.8973665961010275
5,0.0
5,0.0
5,1.2
5,0.0
5,0.0
5,0.0
5,0.0
5,0.0
5,0.0
5,5.43323108288245
5,0.0
5,0.0
5,0.0
5,0.0
5,0.0
5,0.0
5,0.0
5,0.0
5,0.0
5,0.5999999999999999
5,0.0
5,0.0
5,0.6
5,0.0
5,0.0
5,0.0
5,0.0
5,0.0
5,0.0
5,0.0
5,0.0
5,3.2310988842807027
5,1.8000000000000003
5,0.0
5,0.6000000000000001
5,0.0
5,0.5999999999999996
5,0.0
5,0.0
5,0.0
5,2.1633307652783933
5,0.0
5,0.0
5,0.0
5,0.0
5,2.1633307652783933
5,0.0
5,0.0
5,0.0
5,0.0
5,0.0
5,0.0
5,0.0
5,0.0
5,0.0
5,0.0
5,0.0
5,0.0
5,0.0
5,0.0
5,0.0
5,4.569463863518345
5,0.0
5,3.2310988842807027
5,0.0
5,0.0
5,0.0
5,0.0
5,0.0
5,0.0
5,0.0
5,0.0
5,0.0
5,0.0
5,0.0
5,0.0
5,0.0
5,1.7999999999999998
5,1.7999999999999998
5,0.0
5,0.0
5,0.0
5,0.0
5,5.692099788303083
5,1.697056274847714
5,0.0
5,3.6496575181789317
5,0.0
5,6.997142273814361
5,0.0
5,0.0
5,4.2
5,0.6000000000000001
5,0.0
5,0.0
5,0.0
5,0.0
5,0.0
5,0.0
5,0.0
5,0.0
5,0.0
5,0.0
5,0.0
5,0.0
5,3.0
5,0.0
5,3.6
5,0.0
5,0.0
5,3.4985711369071804
5,0.0
5,0.0
5,0.0
5,0.0
5,0.0
5,0.0
5,0.0
5,0.0
5,5.909314681077663
5,0.0
5,3.6496575181789317
5,0.0
5,3.0
5,1.8
5,0.0
5,0.0
5,3.0
5,1.8
5,0.0
5,0.0
5,0.0
5,0.0
5,0.0
5,0.0
5,0.0
5,2.545584412271571
5,0.0
5,0.0
5,0.0
5,1.697056274847714
5,0.0
5,0.0
5,0.0
5,0.0
5,0.0
5,0.0
5,0.0
5,0.0
5,0.0
5,0.0
5,0.0
5,0.0
5,0.0
5,0.0
5,0.0
5,0.0
5,0.0
5,0.0
5,0.0
5,0.0
5,0.0
5,0.0
5,0.0
5,0.0
5,0.0
5,0.0
5,0.0
5,3.394112549695428
5,0.0
5,0.0
5,0.0
5,1.8000000000000003
5,3.5999999999999996
5,1.8
5,2.4
5,0.0
5,0.0
5,0.0
5,1.3416407864998738
5,0.0
5,0.0
5,4.8373546489791295
5,0.0
5,0.0
5,1.2000000000000002
5,0.0
5,0.0
5,0.0
5,0.0
5,0.0
5,1.8973665961010275
5,0.0
5,4.2
5,0.0
5,0.0
5,0.0
5,3.059411708155671
5,0.0
5,0.0
5,0.0
5,0.0
5,0.0
5,0.0
5,0.0
5,0.0
5,0.0
5,0.0
5,0.0
5,0.0
5,0.0
5,0.0
5,0.0
5,0.0
5,0.0
5,0.0
5,0.0
5,0.0
5,0.0
5,0.0
5,0.0
5,0.0
5,0.0
5,0.0
5,0.0
5,0.0
5,1.7999999999999998
5,0.0
5,0.0
5,0.6000000000000001
5,3.5999999999999996
5,0.0
5,0.0
5,0.0
5,0.0
5,0.0
5,3.2310988842807027
5,0.0
5,0.0
5,1.8
5,0.0
5,0.0
5,2.1633307652783933
5,0.0
5,0.0
5,0.0
5,0.0
5,0.0
5,0.0
5,4.8373546489791295
5,0.0
5,0.0
5,0.0
5,0.0
5,0.0
5,0.0
5,0.0
5,2.4000000000000004
5,0.0
5,0.0
5,5.531726674375733
5,3.5999999999999996
5,0.0
5,0.0
5,0.0
5,0.0
5,0.0
5,0.0
5,0.0
5,0.0
5,1.697056274847714
5,1.2000000000000002
5,0.0
5,0.0
5,0.0
5,0.0
5,0.0
5,1.2000000000000002
5,0.0
5,2.4
5,0.0
5,3.0
5,0.0
5,0.0
5,0.0
5,0.0
5,4.368065933568311
5,0.0
5,0.0
5,0.0
5,0.0
5,0.0
5,0.0
5,0.0
5,4.326661530556787
5,3.0
5,5.43323108288245
5,0.0
5,0.0
5,0.0
5,0.0
5,3.5999999999999996
5,0.0
5,0.0
5,0.0
5,0.0
5,3.0
5,0.0
5,0.0
5,0.0
5,2.1633307652783933
5,1.2000000000000002
5,0.0
5,0.0
5,0.0
5,0.0
5,0.0
5,0.0
5,4.024922359499621
5,4.5694638635183455
5,0.0
5,0.0
5,1.2
5,0.0
5,1.8000000000000003
5,0.0
5,0.0
5,0.0
5,0.0
5,0.0
5,0.0
5,0.0
5,0.0
5,0.0
5,0.0
5,0.0
5,1.7999999999999998
5,0.0
5,0.0
5,3.0
5,0.0
5,0.0
5,1.8973665961010278
5,3.8418745424597094
5,0.0
5,0.0
5,0.0
5,0.0
5,0.0
5,0.0
5,3.5999999999999996
5,0.0
5,0.0
5,0.0
5,0.0
5,0.0
5,0.0
5,0.0
5,0.0
5,0.0
5,0.0
5,5.43323108288245
5,0.0
5,0.0
5,0.5999999999999996
5,0.0
5,0.0
5,0.0
5,5.43323108288245
5,0.0
5,4.8
5,0.0
5,0.0
5,0.0
5,0.0
5,0.0
5,1.8
5,3.6496575181789317
5,0.0
5,0.0
5,0.0
5,0.0
5,0.0
5,0.0
5,6.0
5,0.0
5,0.0
5,0.0
5,0.0
5,0.0
5,0.0
5,0.5999999999999996
5,0.0
5,0.0
5,0.0
5,3.4985711369071804
5,0.0
5,0.0
5,0.0
5,0.0
5,0.0
5,0.0
5,0.0
5,0.0
5,0.0
5,0.0
5,0.0
5,0.0
5,0.0
5,0.0
5,0.0
5,0.0
5,0.0
5,0.0
5,0.0
5,0.0
5,5.43323108288245
5,0.0
5,0.0
5,1.8
5,1.697056274847714
5,0.0
5,0.0
5,3.0
5,0.0
5,0.0
5,0.0
5,0.0
5,0.0
5,0.0
5,0.0
5,0.0
5,0.0
5,0.0
5,0.0
5,0.0
5,0.0
5,0.0
5,2.4
5,0.0
5,0.0
5,0.0
5,3.5999999999999996
5,0.0
5,0.6
5,0.0
5,0.0
5,0.0
5,0.0
5,5.660388679233963
5,0.0
5,3.6496575181789317
5,0.0
5,0.0
5,0.0
5,0.0
5,0.0
5,1.8973665961010273
5,0.0
5,0.0
5,0.0
5,0.0
5,1.8
5,0.0
5,0.0
5,0.0
5,0.0
5,0.0
5,5.531726674375733
5,0.0
5,0.0
5,4.686149805543993
5,0.0
5,0.0
5,3.6
5,0.6
5,0.0
5,0.0
5,0.0
5,3.059411708155671
5,0.0
5,0.0
5,0.0
5,3.5999999999999996
5,0.0
5,3.6000000000000005
5,0.0
5,0.0
5,3.4985711369071804
5,0.0
5,0.0
5,0.0
5,2.4
5,0.0
5,0.0
5,0.0
5,0.0
5,0.0
5,0.0
5,0.0
5,0.0
5,0.0
5,0.0
5,0.0
5,0.6
5,3.49857113690718
5,0.0
5,0.0
5,0.0
5,2.4000000000000004
5,0.0
5,0.0
5,0.0
5,6.26418390534633
5,0.0
5,1.2000000000000002
5,0.0
5,0.0
5,0.0
5,0.6000000000000001
5,0.0
5,5.43323108288245
5,1.7999999999999998
5,0.0
5,0.0
5,0.0
5,4.242640687119285
5,0.0
5,0.0
5,0.0
5,0.0
5,1.8000000000000003
5,0.0
5,5.43323108288245
5,0.0
5,0.0
5,0.6000000000000001
5,0.0
5,1.8
5,0.0
5,0.0
5,3.4985711369071804
5,0.0
5,0.0
5,0.0
5,0.0
5,0.0
5,0.0
5,0.0
5,0.0
5,0.0
5,0.0
5,0.0
5,4.024922359499622
5,0.0
5,0.0
5,0.5999999999999996
5,0.0
5,1.7999999999999998
5,0.0
5,0.0
5,0.0
5,0.0
5,0.0
5,0.0
5,0.0
5,0.0
5,0.0
5,1.8
5,2.4
5,0.0
5,0.0
5,0.0
5,0.0
5,0.0
5,0.0
5,0.0
5,0.0
5,0.0
5,0.0
5,1.697056274847714
5,0.0
5,1.3416407864998738
5,0.0
5,4.2
5,0.0
5,0.0
5,0.0
5,0.6000000000000001
5,0.0
5,0.0
5,0.0
5,0.0
5,0.0
5,0.0
5,0.0
5,1.697056274847714
5,0.0
5,0.0
5,0.0
5,0.0
5,0.0
5,0.0
5,0.0
5,0.0
5,0.0
5,3.059411708155671
5,0.0
5,0.0
5,0.0
5,0.0
5,3.059411708155671
5,0.0
5,1.3416407864998738
5,0.0
5,0.0
5,0.0
5,0.0
5,0.0
5,0.0
5,0.0
5,0.0
5,0.0
5,0.0
5,0.0
5,0.0
5,0.0
5,0.0
5,0.0
5,0.0
5,0.0
5,0.0
5,0.0
5,0.0
5,0.0
5,0.0
5,0.0
5,3.394112549695428
5,1.8
5,0.0
5,0.0
5,1.7999999999999998
5,0.6000000000000001
5,0.0
5,0.0
5,1.8973665961010278
5,0.0
5,0.0
5,0.0
5,0.0
5,0.0
5,0.0
5,0.0
5,3.0
5,0.0
5,0.0
5,0.0
5,0.0
5,0.0
5,0.0
5,0.0
5,0.0
5,0.0
5,0.0
5,0.0
5,0.0
5,1.8
5,0.0
5,0.0
5,0.0
5,0.6
5,0.0
5,0.0
5,3.5999999999999996
5,0.0
5,0.0
5,1.697056274847714
5,0.0
5,0.0
5,0.0
5,0.0
5,0.0
5,0.0
5,0.0
5,0.0
5,0.0
5,0.0
5,0.0
5,0.0
5,0.0
5,0.0
5,0.0
5,0.0
5,0.0
5,0.0
5,0.0
5,0.0
5,2.4
5,0.0
5,0.0
5,0.0
5,0.0
5,3.0
5,0.0
5,0.0
5,0.0
5,0.0
5,0.0
5,0.0
5,0.0
5,5.4
5,0.0
5,0.0
5,4.024922359499622
5,0.0
5,5.43323108288245
5,5.43323108288245
5,0.0
5,0.0
5,0.0
5,0.0
5,0.0
5,0.0
5,0.0
5,3.0
5,0.0
5,0.0
5,0.0
5,0.5999999999999996
5,0.0
5,0.0
5,0.0
5,0.0
5,0.0
5,0.0
5,0.0
5,0.0
5,0.0
5,0.6000000000000001
5,0.0
5,3.059411708155671
5,0.0
5,0.0
5,0.0
5,0.0
5,0.0
5,5.43323108288245
5,0.0
5,0.0
5,3.6000000000000005
5,0.0
5,0.0
5,3.2310988842807027
5,0.5999999999999996
5,3.4985711369071804
5,0.0
5,1.2000000000000002
5,0.0
5,1.697056274847714
5,0.0
5,0.0
5,0.0
5,0.0
5,0.0
5,0.0
5,0.0
5,0.0
5,3.2310988842807027
5,0.0
5,1.7999999999999998
5,0.6000000000000001
5,0.0
5,0.0
5,1.2000000000000002
5,0.0
5,0.0
5,0.0
5,0.0
5,0.0
5,0.0
5,5.43323108288245
5,1.697056274847714
5,0.6000000000000001
5,0.0
5,3.0
5,5.660388679233963
5,0.0
5,0.0
5,0.0
5,0.0
5,0.0
5,0.0
5,2.1633307652783933
5,0.0
5,3.6
5,0.0
5,0.0
5,0.0
5,0.0
5,0.0
5,0.0
5,0.0
5,0.0
5,0.0
5,0.0
5,0.0
5,0.0
5,5.909314681077663
5,0.0
5,5.126402247190518
5,0.0
5,0.0
5,0.0
5,0.0
5,0.0
5,0.0
5,2.473863375370596
5,5.531726674375733
5,0.6000000000000001
5,0.0
5,0.0
5,0.0
5,0.0
5,1.8
5,5.909314681077663
5,0.0
5,3.2310988842807027
5,0.0
5,0.0
5,6.118823416311342
5,1.8973665961010273
5,0.0
5,1.7999999999999998
5,0.0
5,0.0
5,0.0
5,0.0
5,0.0
5,0.0
5,0.0
5,1.2000000000000002
5,4.686149805543993
5,0.0
5,0.0
5,0.0
5,0.6
5,0.0
5,0.0
5,0.0
5,0.0
5,0.0
5,2.1633307652783933
5,3.2310988842807027
5,0.0
5,1.3416407864998738
5,0.0
5,1.8973665961010275
5,0.0
5,4.800000000000001
5,0.0
5,0.0
5,0.0
5,3.2310988842807022
5,0.0
5,0.0
5,0.0
5,0.0
5,0.6000000000000001
5,0.0
5,0.0
5,1.1999999999999997
5,3.5999999999999996
5,0.0
5,1.7999999999999998
5,0.0
5,0.0
5,0.0
5,0.0
5,0.0
5,0.0
5,0.0
5,0.0
5,0.0
5,1.3416407864998738
5,1.2000000000000002
5,1.8000000000000003
5,0.0
5,0.0
5,3.2310988842807022
5,0.0
5,0.0
5,0.0
5,3.5999999999999996
5,0.0
5,0.0
5,1.697056274847714
5,0.6
5,0.0
5,0.0
5,0.0
5,2.4
5,0.0
5,0.0
5,0.0
5,0.0
5,0.5999999999999996
5,0.0
5,1.2000000000000002
5,3.2310988842807027
5,0.0
5,0.0
5,0.0
5,0.0
5,0.0
5,0.0
5,0.0
5,0.0
5,0.0
5,0.0
5,0.0
5,0.0
5,5.43323108288245
5,1.8973665961010278
5,0.0
5,4.2
5,0.0
5,0.0
5,3.5999999999999996
5,0.0
5,0.0
5,2.473863375370596
5,1.2
5,3.0
5,0.5999999999999996
5,4.242640687119285
5,1.697056274847714
5,0.0
5,5.4
5,0.0
5,0.0
5,1.2000000000000002
5,1.8
5,0.6
5,0.0
5,0.0
5,0.0
5,0.0
5,0.0
5,0.0
5,0.0
5,0.0
5,0.0
5,0.0
5,0.0
5,0.0
5,0.0
5,0.0
5,0.0
5,6.177378084592201
5,0.0
5,0.0
5,1.697056274847714
5,0.0
5,0.0
5,0.0
5,0.0
5,1.3416407864998738
5,0.0
5,0.0
5,0.0
5,0.0
5,0.6
5,0.0
5,0.0
5,0.0
5,0.0
5,0.0
5,0.0
5,0.0
5,0.0
5,0.0
5,0.6000000000000001
5,0.0
5,0.0
5,0.0
5,0.0
5,4.8373546489791295
5,0.0
5,0.0
5,0.0
5,0.0
5,0.0
5,0.0
5,0.0
5,0.0
5,3.0
5,0.0
5,0.0
5,0.0
5,3.059411708155671
5,0.0
5,0.0
5,2.1633307652783933
5,0.0
5,0.0
5,0.0
5,0.0
5,3.2310988842807022
5,0.0
5,0.0
5,1.697056274847714
5,0.0
5,4.368065933568311
5,0.0
5,4.368065933568311
5,0.0
5,1.697056274847714
5,0.0
5,0.0
5,0.0
5,0.0
5,0.0
5,3.059411708155671
5,0.0
5,5.43323108288245
5,3.0
5,0.0
5,0.0
5,1.3416407864998738
5,0.0
5,0.5999999999999996
5,0.0
5,0.0
5,0.0
5,0.0
5,4.2
5,0.0
5,0.0
5,0.0
5,3.059411708155671
5,0.0
5,0.0
5,0.0
5,1.697056274847714
5,0.0
5,0.0
5,0.0
5,0.0
5,0.0
5,0.0
5,0.0
5,0.0
5,0.0
5,0.0
5,1.8
5,0.0
5,0.0
5,0.0
5,0.6
5,0.0
5,0.6000000000000001
5,4.8373546489791295
5,3.5999999999999996
5,0.0
5,0.0
5,0.0
5,0.0
5,0.0
5,0.0
5,0.0
5,0.0
5,0.0
5,0.0
5,0.0
5,0.0
5,0.0
5,1.697056274847714
5,0.6
5,0.0
5,0.0
5,0.0
5,0.6000000000000001
5,0.0
5,1.2000000000000002
5,0.0
5,0.0
5,0.0
5,0.0
5,0.0
5,0.0
5,3.059411708155671
5,0.0
5,0.0
5,0.0
5,0.0
5,1.341640786499874
5,0.0
5,0.0
5,2.1633307652783933
5,3.0
5,0.0
5,0.0
5,1.697056274847714
5,0.0
5,0.0
5,0.0
5,0.0
5,3.5999999999999996
5,0.0
5,0.0
5,4.368065933568311
5,4.242640687119286
5,0.0
5,0.0
5,3.8418745424597094
5,0.0
5,0.6000000000000001
5,0.0
5,0.0
5,0.0
5,0.0
5,0.0
5,0.0
5,0.0
5,0.0
5,0.0
5,0.0
5,0.0
5,0.0
5,0.0
5,0.0
5,0.0
5,3.2310988842807027
5,0.0
5,0.0
5,0.0
5,0.6000000000000001
5,1.8
5,0.0
5,0.0
5,0.0
5,0.0
5,5.43323108288245
5,0.0
5,4.326661530556787
5,0.0
5,1.341640786499874
5,0.0
5,0.0
5,0.0
5,0.0
5,0.0
5,0.6
5,0.0
5,0.0
5,0.0
5,0.0
5,0.0
5,1.8973665961010273
5,0.0
5,3.059411708155671
5,1.697056274847714
5,0.0
5,0.0
5,1.1999999999999997
5,0.0
5,0.0
5,0.0
5,0.0
5,0.5999999999999996
5,0.0
5,0.0
5,6.4621977685614045
5,0.0
5,0.0
5,0.0
5,0.0
5,6.177378084592201
5,0.0
5,0.0
5,0.0
5,0.0
5,0.0
5,0.0
5,2.4000000000000004
5,0.0
5,0.0
5,0.0
5,0.0
5,0.0
5,0.6000000000000001
5,0.0
5,0.0
5,0.0
5,0.0
5,0.0
5,5.43323108288245
5,0.0
5,3.4985711369071804
5,0.0
5,0.0
5,4.2
5,1.8
5,5.43323108288245
5,0.6000000000000001
5,0.0
5,0.0
5,2.4
5,1.3416407864998738
5,0.0
5,0.0
5,0.0
5,0.0
5,0.0
5,0.0
5,0.0
5,0.0
5,0.0
5,0.0
5,0.0
5,0.0
5,0.0
5,0.0
5,0.0
5,0.0
5,0.0
5,0.0
5,0.0
5,0.0
5,0.0
5,0.0
5,0.0
5,0.0
5,3.5999999999999996
5,0.0
5,0.0
5,0.0
5,0.0
5,1.8
5,0.0
5,3.5999999999999996
5,0.0
5,0.0
5,0.0
5,2.1633307652783933
5,0.0
5,0.0
5,1.7999999999999998
5,0.0
5,0.0
5,1.8973665961010278
5,0.0
5,2.1633307652783933
5,0.0
5,0.0
5,0.0
5,0.0
5,0.0
5,0.0
5,3.0
5,0.0
5,0.0
5,5.692099788303083
5,2.1633307652783933
5,0.0
5,0.6000000000000001
5,0.0
5,0.0
5,0.0
5,2.545584412271571
5,1.8
5,1.8
5,0.0
5,0.0
5,0.6000000000000001
5,5.43323108288245
5,0.0
5,0.0
5,0.0
5,0.0
5,0.0
5,5.660388679233963
5,0.0
5,0.0
5,0.0
5,3.6496575181789317
5,0.0
5,0.0
5,0.0
5,0.0
5,0.0
5,0.0
5,0.0
5,0.0
5,0.5999999999999996
5,0.0
5,0.0
5,0.0
5,0.0
5,0.0
5,0.0
5,0.0
5,0.0
5,0.0
5,0.0
5,3.059411708155671
5,4.686149805543993
5,0.0
5,0.0
5,4.242640687119285
5,0.0
5,0.0
5,0.0
5,0.0
5,0.0
5,1.697056274847714
5,0.0
5,0.0
5,0.0
5,0.6000000000000001
5,0.0
5,3.2310988842807027
5,0.0
5,0.0
5,0.0
5,0.0
5,0.0
5,2.4
5,0.0
5,0.0
5,0.0
5,0.0
5,0.0
5,0.0
5,0.0
5,0.0
5,0.0
5,0.0
5,1.8
5,0.0
5,0.0
5,1.697056274847714
5,0.0
5,0.6
5,1.2
5,0.0
5,0.0
5,0.0
5,0.0
5,4.368065933568311
5,4.368065933568311
5,0.0
5,0.0
5,0.0
5,0.0
5,0.0
5,0.0
5,0.0
5,0.0
5,0.0
5,0.0
5,0.0
5,0.0
5,0.0
5,0.0
5,0.0
5,0.0
5,0.0
5,0.0
5,1.7999999999999998
5,0.0
5,0.0
5,0.0
5,0.0
5,0.0
5,0.0
5,0.0
5,0.0
5,0.0
5,0.0
5,0.0
5,3.6496575181789317
5,0.0
5,0.0
5,0.0
5,5.43323108288245
5,0.0
5,0.0
5,0.0
5,3.6
5,3.0
5,0.0
5,0.0
5,0.0
5,0.0
5,0.0
5,0.0
5,0.0
5,0.0
5,0.0
5,0.0
5,0.0
5,0.0
5,0.0
5,0.0
5,0.5999999999999996
5,5.1613951602255765
5,0.0
5,0.0
5,0.0
5,0.0
5,0.0
5,0.0
5,1.2000000000000002
5,0.0
5,0.0
5,1.2000000000000002
5,0.0
5,0.0
5,0.0
5,0.0
5,0.0
5,0.0
5,5.43323108288245
5,0.0
5,0.0
5,3.0
5,3.8418745424597094
5,0.0
5,0.0
5,0.0
5,0.0
5,0.0
5,0.0
5,1.8
5,5.43323108288245
5,0.0
5,1.8
5,1.6970562748477143
5,0.0
5,5.43323108288245
5,0.0
5,0.0
5,0.0
5,0.0
5,0.0
5,0.0
5,0.0
5,0.0
5,3.0
5,0.0
5,0.0
5,0.0
5,0.0
5,0.6000000000000001
5,0.0
5,0.0
5,0.0
5,0.0
5,0.0
5,0.0
5,0.0
5,0.0
5,0.0
5,2.4
5,0.0
5,0.0
5,0.0
5,1.8
5,0.0
5,4.368065933568311
5,1.697056274847714
5,2.1633307652783933
5,0.0
5,0.0
5,0.0
5,0.0
5,0.0
5,0.0
5,0.0
5,3.394112549695428
5,0.0
5,0.0
5,2.4000000000000004
5,0.0
5,0.0
5,5.126402247190518
5,0.0
5,0.0
5,0.0
5,0.0
5,0.0
5,0.0
5,0.5999999999999999
5,0.0
5,0.0
5,0.0
5,0.0
5,0.0
5,0.0
5,0.0
5,2.4
5,0.0
5,0.0
5,0.0
5,0.0
5,5.1613951602255765
5,3.0
5,0.0
5,0.0
5,0.0
5,0.0
5,0.0
5,0.0
5,0.0
5,0.0
5,0.0
5,3.0
5,0.0
5,0.0
5,0.0
5,0.0
5,0.0
5,0.6000000000000001
5,0.0
5,0.0
5,0.0
5,0.0
5,0.0
5,0.0
5,0.0
5,0.0
5,0.0
5,0.0
5,0.0
5,0.0
5,4.242640687119285
5,0.0
5,1.7999999999999998
5,0.0
5,0.0
5,0.0
5,0.0
5,1.8000000000000003
5,0.0
5,0.0
5,3.5999999999999996
5,0.0
5,0.0
5,0.0
5,0.0
5,0.0
5,0.0
5,0.0
5,0.0
5,0.0
5,0.6
5,0.0
5,0.0
5,0.0
5,0.0
5,0.0
5,0.0
5,0.0
5,0.0
5,0.0
5,0.0
5,0.0
5,1.697056274847714
5,0.0
5,0.0
5,0.0
5,0.0
5,0.0
5,1.7999999999999998
5,0.0
5,0.0
5,2.6832815729997477
5,0.0
5,3.2310988842807027
5,0.0
5,0.0
5,0.0
5,0.0
5,0.0
5,0.0
5,0.0
5,0.6000000000000001
5,0.8485281374238569
5,1.8973665961010275
5,0.0
5,0.0
5,0.0
5,2.1633307652783933
5,0.0
5,1.8
5,3.6
5,1.8
5,0.0
5,3.0
5,0.0
5,0.0
5,0.0
5,0.0
5,0.0
5,1.7999999999999998
5,0.0
5,0.0
5,3.059411708155671
5,0.0
5,0.0
5,0.0
5,0.0
5,1.3416407864998738
5,0.0
5,0.0
5,0.0
5,0.0
5,0.0
5,0.0
5,0.0
5,0.0
5,1.2000000000000002
5,0.0
5,0.0
5,0.0
5,0.0
5,3.5999999999999996
5,0.0
5,0.0
5,3.2310988842807027
5,0.0
5,0.0
5,0.0
5,0.0
5,0.0
5,0.0
5,0.0
5,0.0
5,0.0
5,0.0
5,0.0
5,0.0
5,3.2310988842807027
5,0.0
5,5.692099788303083
5,0.0
5,1.8
5,1.8
5,0.0
5,0.0
5,0.0
5,0.0
5,5.126402247190518
5,3.0
5,0.0
5,0.0
5,0.0
5,1.697056274847714
5,2.1633307652783933
5,1.3416407864998738
5,0.0
5,2.4
5,3.2310988842807027
5,0.0
5,0.0
5,0.0
5,0.0
5,0.0
5,1.8
5,0.0
5,0.0
5,0.0
5,0.0
5,0.0
5,1.697056274847714
5,0.0
5,1.8
5,3.2310988842807022
5,0.0
5,0.0
5,0.0
5,0.0
5,0.0
5,4.686149805543993
5,0.0
5,0.0
5,0.0
5,0.0
5,0.0
5,0.0
5,0.0
5,0.0
5,0.0
5,0.0
5,0.0
5,0.0
5,0.0
5,0.0
5,0.0
5,0.0
5,0.0
5,0.0
5,0.0
5,0.6000000000000005
5,2.1633307652783933
5,0.0
5,0.0
5,0.0
5,0.0
5,0.0
5,0.0
5,0.0
5,6.0
5,0.0
5,5.43323108288245
5,0.0
5,0.0
5,0.0
5,0.0
5,3.49857113690718
5,0.0
5,1.8
5,0.0
5,0.0
5,0.0
5,0.0
5,0.6000000000000001
5,0.0
5,0.0
5,0.0
5,2.1633307652783933
5,1.8
5,0.0
5,0.0
5,0.0
5,0.0
5,3.0
5,0.0
5,1.8
5,0.0
5,0.0
5,0.0
5,3.4985711369071804
5,0.0
5,0.0
5,0.0
5,0.0
5,0.0
5,3.2310988842807022
5,0.0
5,0.0
5,0.0
5,0.0
5,0.0
5,0.0
5,0.0
5,0.0
5,0.0
5,0.0
5,0.0
5,0.0
5,6.0
5,0.0
5,0.0
5,0.0
5,0.0
5,0.0
5,1.7999999999999998
5,0.0
5,0.0
5,0.0
5,0.0
5,0.0
5,4.8373546489791295
5,0.0
5,0.0
5,0.0
5,0.0
5,0.0
5,1.2000000000000002
5,4.8373546489791295
5,3.2310988842807027
5,0.0
5,0.0
5,0.0
5,0.0
5,0.0
5,0.0
5,0.0
5,3.4985711369071804
5,0.0
5,5.43323108288245
5,3.4985711369071804
5,0.0
5,0.0
5,0.0
5,0.0
5,2.1633307652783933
5,0.0
5,0.0
5,0.0
5,1.7999999999999998
5,0.0
5,0.0
5,0.0
5,3.059411708155671
5,1.3416407864998738
5,1.2
5,3.0
5,3.6
5,0.0
5,0.6
5,6.029925372672534
5,0.0
5,0.0
5,3.8418745424597094
5,3.0594117081556713
5,0.0
5,0.0
5,0.0
5,5.43323108288245
5,0.0
5,0.0
5,4.326661530556787
5,1.2000000000000002
5,0.0
5,0.0
5,1.8
5,5.43323108288245
5,1.8
5,0.5999999999999996
5,0.0
5,0.0
5,3.2310988842807027
5,0.0
5,5.126402247190518
5,4.242640687119285
5,0.0
5,1.8973665961010275
5,5.43323108288245
